path,label,defect_type,dup_group,dup_group_size
data/raw/normal/free__exp0_num_743.jpg,normal,free,0,3
data/raw/normal/free__exp1_num_10181.jpg,normal,free,1,1
data/raw/normal/free__exp1_num_10334.jpg,normal,free,2,1
data/raw/normal/free__exp1_num_106151.jpg,normal,free,3,6
data/raw/normal/free__exp1_num_106729.jpg,normal,free,4,3
data/raw/normal/free__exp1_num_10903.jpg,normal,free,5,6
data/raw/normal/free__exp1_num_110086.jpg,normal,free,6,5
data/raw/normal/free__exp1_num_11276.jpg,normal,free,7,6
data/raw/normal/free__exp1_num_114376.jpg,normal,free,8,5
data/raw/normal/free__exp1_num_116270.jpg,normal,free,9,6
data/raw/normal/free__exp1_num_116949.jpg,normal,free,10,3
data/raw/normal/free__exp1_num_118871.jpg,normal,free,11,6
data/raw/normal/free__exp1_num_126299.jpg,normal,free,12,5
data/raw/normal/free__exp1_num_126795.jpg,normal,free,13,6
data/raw/normal/free__exp1_num_127649.jpg,normal,free,14,6
data/raw/normal/free__exp1_num_128075.jpg,normal,free,15,3
data/raw/normal/free__exp1_num_129580.jpg,normal,free,16,1
data/raw/normal/free__exp1_num_13526.jpg,normal,free,17,5
data/raw/normal/free__exp1_num_138599.jpg,normal,free,18,6
data/raw/normal/free__exp1_num_143147.jpg,normal,free,19,6
data/raw/normal/free__exp1_num_144162.jpg,normal,free,20,6
data/raw/normal/free__exp1_num_147928.jpg,normal,free,21,6
data/raw/normal/free__exp1_num_148923.jpg,normal,free,22,2
data/raw/normal/free__exp1_num_154549.jpg,normal,free,23,1
data/raw/normal/free__exp1_num_157166.jpg,normal,free,24,1
data/raw/normal/free__exp1_num_157675.jpg,normal,free,25,1
data/raw/normal/free__exp1_num_16503.jpg,normal,free,26,5
data/raw/normal/free__exp1_num_165362.jpg,normal,free,27,1
data/raw/normal/free__exp1_num_166172.jpg,normal,free,28,3
data/raw/normal/free__exp1_num_174647.jpg,normal,free,29,5
data/raw/normal/free__exp1_num_177906.jpg,normal,free,30,1
data/raw/normal/free__exp1_num_178453.jpg,normal,free,31,2
data/raw/normal/free__exp1_num_180298.jpg,normal,free,32,1
data/raw/normal/free__exp1_num_180836.jpg,normal,free,33,2
data/raw/normal/free__exp1_num_1810.jpg,normal,free,34,1
data/raw/normal/free__exp1_num_18129.jpg,normal,free,35,6
data/raw/normal/free__exp1_num_183137.jpg,normal,free,36,2
data/raw/normal/free__exp1_num_183798.jpg,normal,free,37,1
data/raw/normal/free__exp1_num_187505.jpg,normal,free,38,2
data/raw/normal/free__exp1_num_192126.jpg,normal,free,39,1
data/raw/normal/free__exp1_num_193104.jpg,normal,free,40,1
data/raw/normal/free__exp1_num_195647.jpg,normal,free,41,1
data/raw/normal/free__exp1_num_19695.jpg,normal,free,42,6
data/raw/normal/free__exp1_num_2038.jpg,normal,free,43,2
data/raw/normal/free__exp1_num_240048.jpg,normal,free,44,5
data/raw/normal/free__exp1_num_241352.jpg,normal,free,45,1
data/raw/normal/free__exp1_num_245763.jpg,normal,free,46,1
data/raw/normal/free__exp1_num_246296.jpg,normal,free,47,6
data/raw/normal/free__exp1_num_251427.jpg,normal,free,48,6
data/raw/normal/free__exp1_num_255641.jpg,normal,free,49,5
data/raw/normal/free__exp1_num_256261.jpg,normal,free,50,6
data/raw/normal/free__exp1_num_257103.jpg,normal,free,51,4
data/raw/normal/free__exp1_num_257630.jpg,normal,free,52,6
data/raw/normal/free__exp1_num_258819.jpg,normal,free,53,1
data/raw/normal/free__exp1_num_260482.jpg,normal,free,54,1
data/raw/normal/free__exp1_num_260927.jpg,normal,free,55,1
data/raw/normal/free__exp1_num_2610.jpg,normal,free,56,1
data/raw/normal/free__exp1_num_261937.jpg,normal,free,57,2
data/raw/normal/free__exp1_num_262216.jpg,normal,free,58,4
data/raw/normal/free__exp1_num_262642.jpg,normal,free,59,2
data/raw/normal/free__exp1_num_263839.jpg,normal,free,60,6
data/raw/normal/free__exp1_num_264189.jpg,normal,free,61,6
data/raw/normal/free__exp1_num_266278.jpg,normal,free,62,2
data/raw/normal/free__exp1_num_266790.jpg,normal,free,63,6
data/raw/normal/free__exp1_num_269086.jpg,normal,free,64,4
data/raw/normal/free__exp1_num_269626.jpg,normal,free,65,2
data/raw/normal/free__exp1_num_270550.jpg,normal,free,66,1
data/raw/normal/free__exp1_num_270753.jpg,normal,free,67,5
data/raw/normal/free__exp1_num_275371.jpg,normal,free,68,2
data/raw/normal/free__exp1_num_275662.jpg,normal,free,69,1
data/raw/normal/free__exp1_num_276985.jpg,normal,free,70,2
data/raw/normal/free__exp1_num_278570.jpg,normal,free,71,2
data/raw/normal/free__exp1_num_279090.jpg,normal,free,72,6
data/raw/normal/free__exp1_num_280205.jpg,normal,free,73,3
data/raw/normal/free__exp1_num_280939.jpg,normal,free,74,5
data/raw/normal/free__exp1_num_282886.jpg,normal,free,75,6
data/raw/normal/free__exp1_num_283203.jpg,normal,free,76,1
data/raw/normal/free__exp1_num_284841.jpg,normal,free,77,6
data/raw/normal/free__exp1_num_286232.jpg,normal,free,78,1
data/raw/normal/free__exp1_num_289590.jpg,normal,free,79,4
data/raw/normal/free__exp1_num_290047.jpg,normal,free,80,1
data/raw/normal/free__exp1_num_292087.jpg,normal,free,81,1
data/raw/normal/free__exp1_num_293254.jpg,normal,free,82,4
data/raw/normal/free__exp1_num_293709.jpg,normal,free,83,1
data/raw/normal/free__exp1_num_29469.jpg,normal,free,84,5
data/raw/normal/free__exp1_num_296631.jpg,normal,free,85,3
data/raw/normal/free__exp1_num_297276.jpg,normal,free,86,3
data/raw/normal/free__exp1_num_299713.jpg,normal,free,87,1
data/raw/normal/free__exp1_num_301474.jpg,normal,free,88,3
data/raw/normal/free__exp1_num_304293.jpg,normal,free,89,6
data/raw/normal/free__exp1_num_304672.jpg,normal,free,90,1
data/raw/normal/free__exp1_num_304836.jpg,normal,free,91,1
data/raw/normal/free__exp1_num_306425.jpg,normal,free,92,1
data/raw/normal/free__exp1_num_306586.jpg,normal,free,93,6
data/raw/normal/free__exp1_num_308806.jpg,normal,free,94,1
data/raw/normal/free__exp1_num_309352.jpg,normal,free,95,6
data/raw/normal/free__exp1_num_309648.jpg,normal,free,96,4
data/raw/normal/free__exp1_num_31106.jpg,normal,free,97,1
data/raw/normal/free__exp1_num_311322.jpg,normal,free,98,1
data/raw/normal/free__exp1_num_313835.jpg,normal,free,99,6
data/raw/normal/free__exp1_num_314979.jpg,normal,free,100,1
data/raw/normal/free__exp1_num_316333.jpg,normal,free,101,2
data/raw/normal/free__exp1_num_316698.jpg,normal,free,102,6
data/raw/normal/free__exp1_num_317560.jpg,normal,free,103,4
data/raw/normal/free__exp1_num_317885.jpg,normal,free,104,5
data/raw/normal/free__exp1_num_319321.jpg,normal,free,105,4
data/raw/normal/free__exp1_num_319420.jpg,normal,free,106,1
data/raw/normal/free__exp1_num_319680.jpg,normal,free,107,5
data/raw/normal/free__exp1_num_320441.jpg,normal,free,108,5
data/raw/normal/free__exp1_num_320808.jpg,normal,free,109,7
data/raw/normal/free__exp1_num_320895.jpg,normal,free,109,7
data/raw/normal/free__exp1_num_323319.jpg,normal,free,110,3
data/raw/normal/free__exp1_num_326586.jpg,normal,free,111,5
data/raw/normal/free__exp1_num_326904.jpg,normal,free,112,6
data/raw/normal/free__exp1_num_329206.jpg,normal,free,113,4
data/raw/normal/free__exp1_num_331931.jpg,normal,free,114,3
data/raw/normal/free__exp1_num_332686.jpg,normal,free,115,4
data/raw/normal/free__exp1_num_337646.jpg,normal,free,116,6
data/raw/normal/free__exp1_num_338856.jpg,normal,free,117,6
data/raw/normal/free__exp1_num_34078.jpg,normal,free,118,4
data/raw/normal/free__exp1_num_342849.jpg,normal,free,119,1
data/raw/normal/free__exp1_num_344557.jpg,normal,free,120,3
data/raw/normal/free__exp1_num_349824.jpg,normal,free,121,6
data/raw/normal/free__exp1_num_3504.jpg,normal,free,122,1
data/raw/normal/free__exp1_num_351039.jpg,normal,free,123,6
data/raw/normal/free__exp1_num_351427.jpg,normal,free,124,6
data/raw/normal/free__exp1_num_354377.jpg,normal,free,125,6
data/raw/normal/free__exp1_num_355636.jpg,normal,free,126,6
data/raw/normal/free__exp1_num_358102.jpg,normal,free,127,6
data/raw/normal/free__exp1_num_358933.jpg,normal,free,128,6
data/raw/normal/free__exp1_num_359448.jpg,normal,free,129,6
data/raw/normal/free__exp1_num_37243.jpg,normal,free,130,6
data/raw/normal/free__exp1_num_37262.jpg,normal,free,131,3
data/raw/normal/free__exp1_num_3786.jpg,normal,free,132,2
data/raw/normal/free__exp1_num_37978.jpg,normal,free,133,5
data/raw/normal/free__exp1_num_39412.jpg,normal,free,134,1
data/raw/normal/free__exp1_num_43817.jpg,normal,free,135,2
data/raw/normal/free__exp1_num_50387.jpg,normal,free,136,6
data/raw/normal/free__exp1_num_51080.jpg,normal,free,137,6
data/raw/normal/free__exp1_num_52659.jpg,normal,free,138,1
data/raw/normal/free__exp1_num_53011.jpg,normal,free,139,12
data/raw/normal/free__exp1_num_54107.jpg,normal,free,140,4
data/raw/normal/free__exp1_num_54901.jpg,normal,free,141,2
data/raw/normal/free__exp1_num_5907.jpg,normal,free,142,6
data/raw/normal/free__exp1_num_61310.jpg,normal,free,143,1
data/raw/normal/free__exp1_num_65001.jpg,normal,free,139,12
data/raw/normal/free__exp1_num_6508.jpg,normal,free,144,6
data/raw/normal/free__exp1_num_6539.jpg,normal,free,145,2
data/raw/normal/free__exp1_num_68359.jpg,normal,free,146,1
data/raw/normal/free__exp1_num_69803.jpg,normal,free,147,1
data/raw/normal/free__exp1_num_70491.jpg,normal,free,148,1
data/raw/normal/free__exp1_num_71177.jpg,normal,free,149,2
data/raw/normal/free__exp1_num_75090.jpg,normal,free,150,1
data/raw/normal/free__exp1_num_7871.jpg,normal,free,151,2
data/raw/normal/free__exp1_num_824.jpg,normal,free,152,7
data/raw/normal/free__exp1_num_855.jpg,normal,free,153,1
data/raw/normal/free__exp1_num_90966.jpg,normal,free,154,4
data/raw/normal/free__exp1_num_94899.jpg,normal,free,155,6
data/raw/normal/free__exp2_num_10202.jpg,normal,free,156,5
data/raw/normal/free__exp2_num_10410.jpg,normal,free,157,4
data/raw/normal/free__exp2_num_106169.jpg,normal,free,3,6
data/raw/normal/free__exp2_num_106752.jpg,normal,free,158,1
data/raw/normal/free__exp2_num_10931.jpg,normal,free,5,6
data/raw/normal/free__exp2_num_110118.jpg,normal,free,6,5
data/raw/normal/free__exp2_num_11292.jpg,normal,free,7,6
data/raw/normal/free__exp2_num_114403.jpg,normal,free,8,5
data/raw/normal/free__exp2_num_116286.jpg,normal,free,9,6
data/raw/normal/free__exp2_num_116971.jpg,normal,free,10,3
data/raw/normal/free__exp2_num_118897.jpg,normal,free,11,6
data/raw/normal/free__exp2_num_126325.jpg,normal,free,12,5
data/raw/normal/free__exp2_num_126814.jpg,normal,free,13,6
data/raw/normal/free__exp2_num_127664.jpg,normal,free,14,6
data/raw/normal/free__exp2_num_128095.jpg,normal,free,15,3
data/raw/normal/free__exp2_num_129608.jpg,normal,free,159,1
data/raw/normal/free__exp2_num_13549.jpg,normal,free,17,5
data/raw/normal/free__exp2_num_138627.jpg,normal,free,18,6
data/raw/normal/free__exp2_num_143192.jpg,normal,free,19,6
data/raw/normal/free__exp2_num_144192.jpg,normal,free,20,6
data/raw/normal/free__exp2_num_147954.jpg,normal,free,21,6
data/raw/normal/free__exp2_num_148952.jpg,normal,free,160,1
data/raw/normal/free__exp2_num_154576.jpg,normal,free,161,1
data/raw/normal/free__exp2_num_157196.jpg,normal,free,162,2
data/raw/normal/free__exp2_num_157736.jpg,normal,free,163,3
data/raw/normal/free__exp2_num_16532.jpg,normal,free,26,5
data/raw/normal/free__exp2_num_165392.jpg,normal,free,164,2
data/raw/normal/free__exp2_num_166200.jpg,normal,free,165,1
data/raw/normal/free__exp2_num_174675.jpg,normal,free,29,5
data/raw/normal/free__exp2_num_177935.jpg,normal,free,166,1
data/raw/normal/free__exp2_num_178482.jpg,normal,free,31,2
data/raw/normal/free__exp2_num_180326.jpg,normal,free,167,3
data/raw/normal/free__exp2_num_180865.jpg,normal,free,168,1
data/raw/normal/free__exp2_num_18159.jpg,normal,free,35,6
data/raw/normal/free__exp2_num_183171.jpg,normal,free,169,1
data/raw/normal/free__exp2_num_1836.jpg,normal,free,170,1
data/raw/normal/free__exp2_num_183825.jpg,normal,free,171,1
data/raw/normal/free__exp2_num_187533.jpg,normal,free,172,1
data/raw/normal/free__exp2_num_192155.jpg,normal,free,173,1
data/raw/normal/free__exp2_num_193126.jpg,normal,free,174,4
data/raw/normal/free__exp2_num_195672.jpg,normal,free,175,1
data/raw/normal/free__exp2_num_19728.jpg,normal,free,42,6
data/raw/normal/free__exp2_num_2060.jpg,normal,free,176,4
data/raw/normal/free__exp2_num_240063.jpg,normal,free,177,1
data/raw/normal/free__exp2_num_241368.jpg,normal,free,178,1
data/raw/normal/free__exp2_num_245780.jpg,normal,free,179,1
data/raw/normal/free__exp2_num_246323.jpg,normal,free,47,6
data/raw/normal/free__exp2_num_251454.jpg,normal,free,48,6
data/raw/normal/free__exp2_num_255674.jpg,normal,free,49,5
data/raw/normal/free__exp2_num_256286.jpg,normal,free,50,6
data/raw/normal/free__exp2_num_257132.jpg,normal,free,51,4
data/raw/normal/free__exp2_num_257656.jpg,normal,free,52,6
data/raw/normal/free__exp2_num_258847.jpg,normal,free,180,1
data/raw/normal/free__exp2_num_260505.jpg,normal,free,181,3
data/raw/normal/free__exp2_num_260949.jpg,normal,free,182,2
data/raw/normal/free__exp2_num_261961.jpg,normal,free,57,2
data/raw/normal/free__exp2_num_262233.jpg,normal,free,58,4
data/raw/normal/free__exp2_num_262661.jpg,normal,free,183,1
data/raw/normal/free__exp2_num_2627.jpg,normal,free,184,2
data/raw/normal/free__exp2_num_263852.jpg,normal,free,60,6
data/raw/normal/free__exp2_num_264206.jpg,normal,free,61,6
data/raw/normal/free__exp2_num_266301.jpg,normal,free,185,1
data/raw/normal/free__exp2_num_266815.jpg,normal,free,63,6
data/raw/normal/free__exp2_num_269104.jpg,normal,free,64,4
data/raw/normal/free__exp2_num_269652.jpg,normal,free,65,2
data/raw/normal/free__exp2_num_270577.jpg,normal,free,186,2
data/raw/normal/free__exp2_num_270781.jpg,normal,free,67,5
data/raw/normal/free__exp2_num_275393.jpg,normal,free,187,4
data/raw/normal/free__exp2_num_275685.jpg,normal,free,188,1
data/raw/normal/free__exp2_num_277012.jpg,normal,free,189,1
data/raw/normal/free__exp2_num_278584.jpg,normal,free,190,2
data/raw/normal/free__exp2_num_279109.jpg,normal,free,72,6
data/raw/normal/free__exp2_num_280233.jpg,normal,free,73,3
data/raw/normal/free__exp2_num_280962.jpg,normal,free,74,5
data/raw/normal/free__exp2_num_282899.jpg,normal,free,75,6
data/raw/normal/free__exp2_num_283218.jpg,normal,free,191,1
data/raw/normal/free__exp2_num_284861.jpg,normal,free,77,6
data/raw/normal/free__exp2_num_286251.jpg,normal,free,192,5
data/raw/normal/free__exp2_num_289612.jpg,normal,free,193,1
data/raw/normal/free__exp2_num_290068.jpg,normal,free,194,1
data/raw/normal/free__exp2_num_292109.jpg,normal,free,195,1
data/raw/normal/free__exp2_num_293276.jpg,normal,free,82,4
data/raw/normal/free__exp2_num_293729.jpg,normal,free,196,1
data/raw/normal/free__exp2_num_29493.jpg,normal,free,84,5
data/raw/normal/free__exp2_num_296655.jpg,normal,free,85,3
data/raw/normal/free__exp2_num_297298.jpg,normal,free,86,3
data/raw/normal/free__exp2_num_299741.jpg,normal,free,197,1
data/raw/normal/free__exp2_num_301499.jpg,normal,free,198,2
data/raw/normal/free__exp2_num_304307.jpg,normal,free,89,6
data/raw/normal/free__exp2_num_304688.jpg,normal,free,199,4
data/raw/normal/free__exp2_num_304861.jpg,normal,free,200,1
data/raw/normal/free__exp2_num_306443.jpg,normal,free,201,1
data/raw/normal/free__exp2_num_306609.jpg,normal,free,93,6
data/raw/normal/free__exp2_num_308824.jpg,normal,free,202,4
data/raw/normal/free__exp2_num_309366.jpg,normal,free,95,6
data/raw/normal/free__exp2_num_309668.jpg,normal,free,203,1
data/raw/normal/free__exp2_num_31124.jpg,normal,free,204,1
data/raw/normal/free__exp2_num_311334.jpg,normal,free,205,1
data/raw/normal/free__exp2_num_313853.jpg,normal,free,99,6
data/raw/normal/free__exp2_num_315006.jpg,normal,free,206,1
data/raw/normal/free__exp2_num_316344.jpg,normal,free,207,1
data/raw/normal/free__exp2_num_316715.jpg,normal,free,102,6
data/raw/normal/free__exp2_num_317576.jpg,normal,free,208,1
data/raw/normal/free__exp2_num_317911.jpg,normal,free,104,5
data/raw/normal/free__exp2_num_319334.jpg,normal,free,209,1
data/raw/normal/free__exp2_num_319440.jpg,normal,free,210,1
data/raw/normal/free__exp2_num_319698.jpg,normal,free,211,1
data/raw/normal/free__exp2_num_320463.jpg,normal,free,108,5
data/raw/normal/free__exp2_num_320822.jpg,normal,free,109,7
data/raw/normal/free__exp2_num_321452.jpg,normal,free,212,1
data/raw/normal/free__exp2_num_323339.jpg,normal,free,110,3
data/raw/normal/free__exp2_num_326603.jpg,normal,free,111,5
data/raw/normal/free__exp2_num_326923.jpg,normal,free,112,6
data/raw/normal/free__exp2_num_329231.jpg,normal,free,213,1
data/raw/normal/free__exp2_num_331174.jpg,normal,free,214,6
data/raw/normal/free__exp2_num_331946.jpg,normal,free,215,1
data/raw/normal/free__exp2_num_332707.jpg,normal,free,216,2
data/raw/normal/free__exp2_num_337671.jpg,normal,free,116,6
data/raw/normal/free__exp2_num_338872.jpg,normal,free,117,6
data/raw/normal/free__exp2_num_34101.jpg,normal,free,217,1
data/raw/normal/free__exp2_num_342873.jpg,normal,free,218,5
data/raw/normal/free__exp2_num_344570.jpg,normal,free,219,1
data/raw/normal/free__exp2_num_346332.jpg,normal,free,220,1
data/raw/normal/free__exp2_num_349844.jpg,normal,free,121,6
data/raw/normal/free__exp2_num_351066.jpg,normal,free,123,6
data/raw/normal/free__exp2_num_351450.jpg,normal,free,124,6
data/raw/normal/free__exp2_num_3524.jpg,normal,free,221,1
data/raw/normal/free__exp2_num_354402.jpg,normal,free,125,6
data/raw/normal/free__exp2_num_355658.jpg,normal,free,126,6
data/raw/normal/free__exp2_num_358116.jpg,normal,free,127,6
data/raw/normal/free__exp2_num_358960.jpg,normal,free,128,6
data/raw/normal/free__exp2_num_359476.jpg,normal,free,129,6
data/raw/normal/free__exp2_num_37263.jpg,normal,free,130,6
data/raw/normal/free__exp2_num_37273.jpg,normal,free,222,2
data/raw/normal/free__exp2_num_38004.jpg,normal,free,133,5
data/raw/normal/free__exp2_num_3811.jpg,normal,free,223,1
data/raw/normal/free__exp2_num_39430.jpg,normal,free,224,3
data/raw/normal/free__exp2_num_43841.jpg,normal,free,225,2
data/raw/normal/free__exp2_num_50402.jpg,normal,free,136,6
data/raw/normal/free__exp2_num_51097.jpg,normal,free,137,6
data/raw/normal/free__exp2_num_52677.jpg,normal,free,226,1
data/raw/normal/free__exp2_num_53025.jpg,normal,free,139,12
data/raw/normal/free__exp2_num_54126.jpg,normal,free,227,1
data/raw/normal/free__exp2_num_54925.jpg,normal,free,228,1
data/raw/normal/free__exp2_num_5924.jpg,normal,free,142,6
data/raw/normal/free__exp2_num_61324.jpg,normal,free,229,1
data/raw/normal/free__exp2_num_65017.jpg,normal,free,139,12
data/raw/normal/free__exp2_num_6528.jpg,normal,free,144,6
data/raw/normal/free__exp2_num_6558.jpg,normal,free,230,2
data/raw/normal/free__exp2_num_68382.jpg,normal,free,231,1
data/raw/normal/free__exp2_num_69830.jpg,normal,free,232,2
data/raw/normal/free__exp2_num_70514.jpg,normal,free,233,3
data/raw/normal/free__exp2_num_71201.jpg,normal,free,234,2
data/raw/normal/free__exp2_num_75106.jpg,normal,free,235,5
data/raw/normal/free__exp2_num_7886.jpg,normal,free,236,1
data/raw/normal/free__exp2_num_834.jpg,normal,free,152,7
data/raw/normal/free__exp2_num_887.jpg,normal,free,237,3
data/raw/normal/free__exp2_num_90988.jpg,normal,free,154,4
data/raw/normal/free__exp2_num_94922.jpg,normal,free,155,6
data/raw/normal/free__exp3_num_10215.jpg,normal,free,156,5
data/raw/normal/free__exp3_num_10448.jpg,normal,free,157,4
data/raw/normal/free__exp3_num_106186.jpg,normal,free,3,6
data/raw/normal/free__exp3_num_106779.jpg,normal,free,238,1
data/raw/normal/free__exp3_num_10945.jpg,normal,free,5,6
data/raw/normal/free__exp3_num_110136.jpg,normal,free,6,5
data/raw/normal/free__exp3_num_11304.jpg,normal,free,7,6
data/raw/normal/free__exp3_num_114419.jpg,normal,free,239,1
data/raw/normal/free__exp3_num_116299.jpg,normal,free,9,6
data/raw/normal/free__exp3_num_116991.jpg,normal,free,240,1
data/raw/normal/free__exp3_num_118911.jpg,normal,free,11,6
data/raw/normal/free__exp3_num_126339.jpg,normal,free,12,5
data/raw/normal/free__exp3_num_126827.jpg,normal,free,13,6
data/raw/normal/free__exp3_num_127677.jpg,normal,free,14,6
data/raw/normal/free__exp3_num_128108.jpg,normal,free,15,3
data/raw/normal/free__exp3_num_129632.jpg,normal,free,241,1
data/raw/normal/free__exp3_num_13568.jpg,normal,free,17,5
data/raw/normal/free__exp3_num_138649.jpg,normal,free,18,6
data/raw/normal/free__exp3_num_143234.jpg,normal,free,19,6
data/raw/normal/free__exp3_num_144210.jpg,normal,free,20,6
data/raw/normal/free__exp3_num_147971.jpg,normal,free,21,6
data/raw/normal/free__exp3_num_154595.jpg,normal,free,242,1
data/raw/normal/free__exp3_num_157220.jpg,normal,free,162,2
data/raw/normal/free__exp3_num_157763.jpg,normal,free,163,3
data/raw/normal/free__exp3_num_165409.jpg,normal,free,243,1
data/raw/normal/free__exp3_num_16556.jpg,normal,free,26,5
data/raw/normal/free__exp3_num_166221.jpg,normal,free,28,3
data/raw/normal/free__exp3_num_174699.jpg,normal,free,29,5
data/raw/normal/free__exp3_num_177963.jpg,normal,free,244,1
data/raw/normal/free__exp3_num_178510.jpg,normal,free,245,2
data/raw/normal/free__exp3_num_180350.jpg,normal,free,246,1
data/raw/normal/free__exp3_num_180885.jpg,normal,free,247,1
data/raw/normal/free__exp3_num_18185.jpg,normal,free,35,6
data/raw/normal/free__exp3_num_183198.jpg,normal,free,248,1
data/raw/normal/free__exp3_num_183846.jpg,normal,free,249,1
data/raw/normal/free__exp3_num_1855.jpg,normal,free,250,1
data/raw/normal/free__exp3_num_187556.jpg,normal,free,251,1
data/raw/normal/free__exp3_num_192174.jpg,normal,free,252,1
data/raw/normal/free__exp3_num_193139.jpg,normal,free,174,4
data/raw/normal/free__exp3_num_195685.jpg,normal,free,253,2
data/raw/normal/free__exp3_num_19753.jpg,normal,free,42,6
data/raw/normal/free__exp3_num_2074.jpg,normal,free,176,4
data/raw/normal/free__exp3_num_240077.jpg,normal,free,44,5
data/raw/normal/free__exp3_num_241380.jpg,normal,free,254,1
data/raw/normal/free__exp3_num_245792.jpg,normal,free,255,1
data/raw/normal/free__exp3_num_246338.jpg,normal,free,47,6
data/raw/normal/free__exp3_num_251473.jpg,normal,free,48,6
data/raw/normal/free__exp3_num_255696.jpg,normal,free,49,5
data/raw/normal/free__exp3_num_256305.jpg,normal,free,50,6
data/raw/normal/free__exp3_num_257158.jpg,normal,free,51,4
data/raw/normal/free__exp3_num_257678.jpg,normal,free,52,6
data/raw/normal/free__exp3_num_258867.jpg,normal,free,256,1
data/raw/normal/free__exp3_num_260521.jpg,normal,free,257,1
data/raw/normal/free__exp3_num_260963.jpg,normal,free,258,1
data/raw/normal/free__exp3_num_261977.jpg,normal,free,259,1
data/raw/normal/free__exp3_num_262246.jpg,normal,free,58,4
data/raw/normal/free__exp3_num_262674.jpg,normal,free,59,2
data/raw/normal/free__exp3_num_263864.jpg,normal,free,60,6
data/raw/normal/free__exp3_num_2642.jpg,normal,free,260,1
data/raw/normal/free__exp3_num_264225.jpg,normal,free,61,6
data/raw/normal/free__exp3_num_266316.jpg,normal,free,261,1
data/raw/normal/free__exp3_num_266831.jpg,normal,free,63,6
data/raw/normal/free__exp3_num_269121.jpg,normal,free,64,4
data/raw/normal/free__exp3_num_269668.jpg,normal,free,262,2
data/raw/normal/free__exp3_num_270593.jpg,normal,free,263,1
data/raw/normal/free__exp3_num_270803.jpg,normal,free,67,5
data/raw/normal/free__exp3_num_275407.jpg,normal,free,187,4
data/raw/normal/free__exp3_num_275697.jpg,normal,free,264,1
data/raw/normal/free__exp3_num_277027.jpg,normal,free,265,1
data/raw/normal/free__exp3_num_278595.jpg,normal,free,266,2
data/raw/normal/free__exp3_num_279122.jpg,normal,free,72,6
data/raw/normal/free__exp3_num_280246.jpg,normal,free,267,1
data/raw/normal/free__exp3_num_280977.jpg,normal,free,268,1
data/raw/normal/free__exp3_num_282911.jpg,normal,free,75,6
data/raw/normal/free__exp3_num_283229.jpg,normal,free,269,1
data/raw/normal/free__exp3_num_284875.jpg,normal,free,77,6
data/raw/normal/free__exp3_num_286265.jpg,normal,free,192,5
data/raw/normal/free__exp3_num_289625.jpg,normal,free,79,4
data/raw/normal/free__exp3_num_290081.jpg,normal,free,270,1
data/raw/normal/free__exp3_num_292124.jpg,normal,free,271,3
data/raw/normal/free__exp3_num_293289.jpg,normal,free,272,1
data/raw/normal/free__exp3_num_293742.jpg,normal,free,273,1
data/raw/normal/free__exp3_num_29508.jpg,normal,free,84,5
data/raw/normal/free__exp3_num_296668.jpg,normal,free,274,3
data/raw/normal/free__exp3_num_297311.jpg,normal,free,86,3
data/raw/normal/free__exp3_num_299758.jpg,normal,free,275,1
data/raw/normal/free__exp3_num_301511.jpg,normal,free,198,2
data/raw/normal/free__exp3_num_304319.jpg,normal,free,89,6
data/raw/normal/free__exp3_num_304701.jpg,normal,free,199,4
data/raw/normal/free__exp3_num_304882.jpg,normal,free,276,4
data/raw/normal/free__exp3_num_306457.jpg,normal,free,277,4
data/raw/normal/free__exp3_num_306622.jpg,normal,free,93,6
data/raw/normal/free__exp3_num_308837.jpg,normal,free,202,4
data/raw/normal/free__exp3_num_309379.jpg,normal,free,95,6
data/raw/normal/free__exp3_num_309681.jpg,normal,free,96,4
data/raw/normal/free__exp3_num_311344.jpg,normal,free,278,1
data/raw/normal/free__exp3_num_31138.jpg,normal,free,279,2
data/raw/normal/free__exp3_num_313866.jpg,normal,free,99,6
data/raw/normal/free__exp3_num_315020.jpg,normal,free,280,1
data/raw/normal/free__exp3_num_316354.jpg,normal,free,281,3
data/raw/normal/free__exp3_num_316726.jpg,normal,free,102,6
data/raw/normal/free__exp3_num_317588.jpg,normal,free,103,4
data/raw/normal/free__exp3_num_317925.jpg,normal,free,104,5
data/raw/normal/free__exp3_num_319346.jpg,normal,free,105,4
data/raw/normal/free__exp3_num_319456.jpg,normal,free,282,1
data/raw/normal/free__exp3_num_319713.jpg,normal,free,107,5
data/raw/normal/free__exp3_num_320486.jpg,normal,free,108,5
data/raw/normal/free__exp3_num_320833.jpg,normal,free,109,7
data/raw/normal/free__exp3_num_321466.jpg,normal,free,283,3
data/raw/normal/free__exp3_num_323352.jpg,normal,free,284,1
data/raw/normal/free__exp3_num_326615.jpg,normal,free,285,1
data/raw/normal/free__exp3_num_326938.jpg,normal,free,112,6
data/raw/normal/free__exp3_num_329247.jpg,normal,free,286,1
data/raw/normal/free__exp3_num_331190.jpg,normal,free,214,6
data/raw/normal/free__exp3_num_331958.jpg,normal,free,114,3
data/raw/normal/free__exp3_num_332719.jpg,normal,free,115,4
data/raw/normal/free__exp3_num_337688.jpg,normal,free,116,6
data/raw/normal/free__exp3_num_338885.jpg,normal,free,117,6
data/raw/normal/free__exp3_num_34117.jpg,normal,free,287,1
data/raw/normal/free__exp3_num_342889.jpg,normal,free,218,5
data/raw/normal/free__exp3_num_344580.jpg,normal,free,288,1
data/raw/normal/free__exp3_num_349856.jpg,normal,free,121,6
data/raw/normal/free__exp3_num_351078.jpg,normal,free,123,6
data/raw/normal/free__exp3_num_351463.jpg,normal,free,124,6
data/raw/normal/free__exp3_num_3539.jpg,normal,free,289,1
data/raw/normal/free__exp3_num_354417.jpg,normal,free,125,6
data/raw/normal/free__exp3_num_355669.jpg,normal,free,126,6
data/raw/normal/free__exp3_num_358127.jpg,normal,free,127,6
data/raw/normal/free__exp3_num_358972.jpg,normal,free,128,6
data/raw/normal/free__exp3_num_359489.jpg,normal,free,129,6
data/raw/normal/free__exp3_num_37056.jpg,normal,free,290,2
data/raw/normal/free__exp3_num_37278.jpg,normal,free,130,6
data/raw/normal/free__exp3_num_37556.jpg,normal,free,131,3
data/raw/normal/free__exp3_num_38023.jpg,normal,free,133,5
data/raw/normal/free__exp3_num_3828.jpg,normal,free,132,2
data/raw/normal/free__exp3_num_39447.jpg,normal,free,224,3
data/raw/normal/free__exp3_num_43853.jpg,normal,free,291,2
data/raw/normal/free__exp3_num_50415.jpg,normal,free,136,6
data/raw/normal/free__exp3_num_51112.jpg,normal,free,137,6
data/raw/normal/free__exp3_num_52702.jpg,normal,free,292,1
data/raw/normal/free__exp3_num_53038.jpg,normal,free,139,12
data/raw/normal/free__exp3_num_54145.jpg,normal,free,140,4
data/raw/normal/free__exp3_num_54942.jpg,normal,free,293,1
data/raw/normal/free__exp3_num_5941.jpg,normal,free,142,6
data/raw/normal/free__exp3_num_61338.jpg,normal,free,294,1
data/raw/normal/free__exp3_num_65031.jpg,normal,free,139,12
data/raw/normal/free__exp3_num_6541.jpg,normal,free,144,6
data/raw/normal/free__exp3_num_6571.jpg,normal,free,230,2
data/raw/normal/free__exp3_num_68398.jpg,normal,free,295,1
data/raw/normal/free__exp3_num_69845.jpg,normal,free,296,1
data/raw/normal/free__exp3_num_70527.jpg,normal,free,297,1
data/raw/normal/free__exp3_num_71224.jpg,normal,free,298,2
data/raw/normal/free__exp3_num_75119.jpg,normal,free,235,5
data/raw/normal/free__exp3_num_7899.jpg,normal,free,299,1
data/raw/normal/free__exp3_num_91008.jpg,normal,free,154,4
data/raw/normal/free__exp3_num_913.jpg,normal,free,0,3
data/raw/normal/free__exp3_num_94938.jpg,normal,free,155,6
data/raw/normal/free__exp4_num_10227.jpg,normal,free,156,5
data/raw/normal/free__exp4_num_106203.jpg,normal,free,3,6
data/raw/normal/free__exp4_num_10642.jpg,normal,free,157,4
data/raw/normal/free__exp4_num_106801.jpg,normal,free,300,1
data/raw/normal/free__exp4_num_10957.jpg,normal,free,5,6
data/raw/normal/free__exp4_num_110151.jpg,normal,free,6,5
data/raw/normal/free__exp4_num_11314.jpg,normal,free,7,6
data/raw/normal/free__exp4_num_114433.jpg,normal,free,8,5
data/raw/normal/free__exp4_num_116311.jpg,normal,free,9,6
data/raw/normal/free__exp4_num_117012.jpg,normal,free,301,1
data/raw/normal/free__exp4_num_118925.jpg,normal,free,11,6
data/raw/normal/free__exp4_num_126353.jpg,normal,free,12,5
data/raw/normal/free__exp4_num_126840.jpg,normal,free,13,6
data/raw/normal/free__exp4_num_127690.jpg,normal,free,14,6
data/raw/normal/free__exp4_num_128120.jpg,normal,free,302,2
data/raw/normal/free__exp4_num_129654.jpg,normal,free,303,1
data/raw/normal/free__exp4_num_13589.jpg,normal,free,17,5
data/raw/normal/free__exp4_num_138670.jpg,normal,free,18,6
data/raw/normal/free__exp4_num_143255.jpg,normal,free,19,6
data/raw/normal/free__exp4_num_144227.jpg,normal,free,20,6
data/raw/normal/free__exp4_num_147986.jpg,normal,free,21,6
data/raw/normal/free__exp4_num_148998.jpg,normal,free,22,2
data/raw/normal/free__exp4_num_154613.jpg,normal,free,304,2
data/raw/normal/free__exp4_num_157245.jpg,normal,free,305,1
data/raw/normal/free__exp4_num_157789.jpg,normal,free,306,2
data/raw/normal/free__exp4_num_165425.jpg,normal,free,164,2
data/raw/normal/free__exp4_num_16575.jpg,normal,free,26,5
data/raw/normal/free__exp4_num_166238.jpg,normal,free,307,1
data/raw/normal/free__exp4_num_174720.jpg,normal,free,308,1
data/raw/normal/free__exp4_num_177987.jpg,normal,free,309,1
data/raw/normal/free__exp4_num_178536.jpg,normal,free,310,1
data/raw/normal/free__exp4_num_180371.jpg,normal,free,167,3
data/raw/normal/free__exp4_num_180903.jpg,normal,free,33,2
data/raw/normal/free__exp4_num_18204.jpg,normal,free,35,6
data/raw/normal/free__exp4_num_183223.jpg,normal,free,311,1
data/raw/normal/free__exp4_num_183867.jpg,normal,free,312,1
data/raw/normal/free__exp4_num_187582.jpg,normal,free,313,1
data/raw/normal/free__exp4_num_1877.jpg,normal,free,314,2
data/raw/normal/free__exp4_num_192192.jpg,normal,free,315,1
data/raw/normal/free__exp4_num_193151.jpg,normal,free,174,4
data/raw/normal/free__exp4_num_195700.jpg,normal,free,316,1
data/raw/normal/free__exp4_num_19770.jpg,normal,free,42,6
data/raw/normal/free__exp4_num_2086.jpg,normal,free,176,4
data/raw/normal/free__exp4_num_240090.jpg,normal,free,44,5
data/raw/normal/free__exp4_num_241391.jpg,normal,free,317,1
data/raw/normal/free__exp4_num_245804.jpg,normal,free,318,1
data/raw/normal/free__exp4_num_246354.jpg,normal,free,47,6
data/raw/normal/free__exp4_num_251495.jpg,normal,free,48,6
data/raw/normal/free__exp4_num_255718.jpg,normal,free,49,5
data/raw/normal/free__exp4_num_256324.jpg,normal,free,50,6
data/raw/normal/free__exp4_num_257190.jpg,normal,free,51,4
data/raw/normal/free__exp4_num_257938.jpg,normal,free,52,6
data/raw/normal/free__exp4_num_258885.jpg,normal,free,319,1
data/raw/normal/free__exp4_num_260535.jpg,normal,free,181,3
data/raw/normal/free__exp4_num_260976.jpg,normal,free,320,2
data/raw/normal/free__exp4_num_261992.jpg,normal,free,321,1
data/raw/normal/free__exp4_num_262258.jpg,normal,free,322,1
data/raw/normal/free__exp4_num_262687.jpg,normal,free,323,1
data/raw/normal/free__exp4_num_263875.jpg,normal,free,60,6
data/raw/normal/free__exp4_num_264241.jpg,normal,free,61,6
data/raw/normal/free__exp4_num_2657.jpg,normal,free,324,1
data/raw/normal/free__exp4_num_266329.jpg,normal,free,325,1
data/raw/normal/free__exp4_num_266844.jpg,normal,free,63,6
data/raw/normal/free__exp4_num_269136.jpg,normal,free,326,2
data/raw/normal/free__exp4_num_269682.jpg,normal,free,327,1
data/raw/normal/free__exp4_num_270607.jpg,normal,free,186,2
data/raw/normal/free__exp4_num_270824.jpg,normal,free,328,1
data/raw/normal/free__exp4_num_275420.jpg,normal,free,68,2
data/raw/normal/free__exp4_num_275709.jpg,normal,free,329,1
data/raw/normal/free__exp4_num_277041.jpg,normal,free,330,1
data/raw/normal/free__exp4_num_278605.jpg,normal,free,190,2
data/raw/normal/free__exp4_num_279133.jpg,normal,free,72,6
data/raw/normal/free__exp4_num_280258.jpg,normal,free,331,1
data/raw/normal/free__exp4_num_280989.jpg,normal,free,74,5
data/raw/normal/free__exp4_num_282921.jpg,normal,free,75,6
data/raw/normal/free__exp4_num_283240.jpg,normal,free,332,1
data/raw/normal/free__exp4_num_284889.jpg,normal,free,77,6
data/raw/normal/free__exp4_num_286277.jpg,normal,free,192,5
data/raw/normal/free__exp4_num_289638.jpg,normal,free,333,1
data/raw/normal/free__exp4_num_290093.jpg,normal,free,334,1
data/raw/normal/free__exp4_num_292138.jpg,normal,free,335,1
data/raw/normal/free__exp4_num_293302.jpg,normal,free,82,4
data/raw/normal/free__exp4_num_293757.jpg,normal,free,336,2
data/raw/normal/free__exp4_num_29521.jpg,normal,free,337,1
data/raw/normal/free__exp4_num_296682.jpg,normal,free,274,3
data/raw/normal/free__exp4_num_297324.jpg,normal,free,338,2
data/raw/normal/free__exp4_num_299772.jpg,normal,free,339,1
data/raw/normal/free__exp4_num_301523.jpg,normal,free,88,3
data/raw/normal/free__exp4_num_304330.jpg,normal,free,89,6
data/raw/normal/free__exp4_num_304714.jpg,normal,free,199,4
data/raw/normal/free__exp4_num_304904.jpg,normal,free,276,4
data/raw/normal/free__exp4_num_306469.jpg,normal,free,277,4
data/raw/normal/free__exp4_num_306634.jpg,normal,free,93,6
data/raw/normal/free__exp4_num_308849.jpg,normal,free,340,1
data/raw/normal/free__exp4_num_309390.jpg,normal,free,95,6
data/raw/normal/free__exp4_num_309692.jpg,normal,free,96,4
data/raw/normal/free__exp4_num_311355.jpg,normal,free,341,1
data/raw/normal/free__exp4_num_31150.jpg,normal,free,279,2
data/raw/normal/free__exp4_num_313877.jpg,normal,free,99,6
data/raw/normal/free__exp4_num_315033.jpg,normal,free,342,1
data/raw/normal/free__exp4_num_316364.jpg,normal,free,101,2
data/raw/normal/free__exp4_num_316737.jpg,normal,free,102,6
data/raw/normal/free__exp4_num_317600.jpg,normal,free,343,1
data/raw/normal/free__exp4_num_317937.jpg,normal,free,104,5
data/raw/normal/free__exp4_num_319357.jpg,normal,free,344,1
data/raw/normal/free__exp4_num_319469.jpg,normal,free,345,1
data/raw/normal/free__exp4_num_319729.jpg,normal,free,107,5
data/raw/normal/free__exp4_num_320501.jpg,normal,free,346,1
data/raw/normal/free__exp4_num_320843.jpg,normal,free,109,7
data/raw/normal/free__exp4_num_321478.jpg,normal,free,283,3
data/raw/normal/free__exp4_num_323366.jpg,normal,free,347,1
data/raw/normal/free__exp4_num_326627.jpg,normal,free,111,5
data/raw/normal/free__exp4_num_326953.jpg,normal,free,112,6
data/raw/normal/free__exp4_num_329260.jpg,normal,free,113,4
data/raw/normal/free__exp4_num_331207.jpg,normal,free,214,6
data/raw/normal/free__exp4_num_331970.jpg,normal,free,114,3
data/raw/normal/free__exp4_num_332730.jpg,normal,free,216,2
data/raw/normal/free__exp4_num_337703.jpg,normal,free,116,6
data/raw/normal/free__exp4_num_338897.jpg,normal,free,117,6
data/raw/normal/free__exp4_num_34134.jpg,normal,free,118,4
data/raw/normal/free__exp4_num_342904.jpg,normal,free,218,5
data/raw/normal/free__exp4_num_344591.jpg,normal,free,120,3
data/raw/normal/free__exp4_num_346361.jpg,normal,free,348,1
data/raw/normal/free__exp4_num_349868.jpg,normal,free,121,6
data/raw/normal/free__exp4_num_351088.jpg,normal,free,123,6
data/raw/normal/free__exp4_num_351474.jpg,normal,free,124,6
data/raw/normal/free__exp4_num_354427.jpg,normal,free,125,6
data/raw/normal/free__exp4_num_3554.jpg,normal,free,349,1
data/raw/normal/free__exp4_num_355680.jpg,normal,free,126,6
data/raw/normal/free__exp4_num_358138.jpg,normal,free,127,6
data/raw/normal/free__exp4_num_358985.jpg,normal,free,128,6
data/raw/normal/free__exp4_num_359501.jpg,normal,free,129,6
data/raw/normal/free__exp4_num_37071.jpg,normal,free,350,1
data/raw/normal/free__exp4_num_37293.jpg,normal,free,130,6
data/raw/normal/free__exp4_num_37571.jpg,normal,free,290,2
data/raw/normal/free__exp4_num_38041.jpg,normal,free,133,5
data/raw/normal/free__exp4_num_3846.jpg,normal,free,351,1
data/raw/normal/free__exp4_num_39469.jpg,normal,free,224,3
data/raw/normal/free__exp4_num_43865.jpg,normal,free,135,2
data/raw/normal/free__exp4_num_50428.jpg,normal,free,136,6
data/raw/normal/free__exp4_num_51125.jpg,normal,free,137,6
data/raw/normal/free__exp4_num_52715.jpg,normal,free,352,1
data/raw/normal/free__exp4_num_53049.jpg,normal,free,139,12
data/raw/normal/free__exp4_num_54165.jpg,normal,free,353,1
data/raw/normal/free__exp4_num_54958.jpg,normal,free,141,2
data/raw/normal/free__exp4_num_5959.jpg,normal,free,142,6
data/raw/normal/free__exp4_num_61351.jpg,normal,free,354,1
data/raw/normal/free__exp4_num_65043.jpg,normal,free,139,12
data/raw/normal/free__exp4_num_6552.jpg,normal,free,144,6
data/raw/normal/free__exp4_num_6586.jpg,normal,free,145,2
data/raw/normal/free__exp4_num_68413.jpg,normal,free,355,1
data/raw/normal/free__exp4_num_69864.jpg,normal,free,356,1
data/raw/normal/free__exp4_num_70541.jpg,normal,free,357,1
data/raw/normal/free__exp4_num_71245.jpg,normal,free,298,2
data/raw/normal/free__exp4_num_75132.jpg,normal,free,235,5
data/raw/normal/free__exp4_num_7911.jpg,normal,free,358,2
data/raw/normal/free__exp4_num_889.jpg,normal,free,152,7
data/raw/normal/free__exp4_num_91034.jpg,normal,free,359,1
data/raw/normal/free__exp4_num_933.jpg,normal,free,0,3
data/raw/normal/free__exp4_num_94954.jpg,normal,free,155,6
data/raw/normal/free__exp5_num_10250.jpg,normal,free,156,5
data/raw/normal/free__exp5_num_106221.jpg,normal,free,3,6
data/raw/normal/free__exp5_num_106824.jpg,normal,free,4,3
data/raw/normal/free__exp5_num_10714.jpg,normal,free,360,2
data/raw/normal/free__exp5_num_10969.jpg,normal,free,5,6
data/raw/normal/free__exp5_num_110188.jpg,normal,free,6,5
data/raw/normal/free__exp5_num_11325.jpg,normal,free,7,6
data/raw/normal/free__exp5_num_114453.jpg,normal,free,8,5
data/raw/normal/free__exp5_num_116324.jpg,normal,free,9,6
data/raw/normal/free__exp5_num_117030.jpg,normal,free,361,4
data/raw/normal/free__exp5_num_117033.jpg,normal,free,10,3
data/raw/normal/free__exp5_num_118948.jpg,normal,free,11,6
data/raw/normal/free__exp5_num_126370.jpg,normal,free,362,1
data/raw/normal/free__exp5_num_126855.jpg,normal,free,13,6
data/raw/normal/free__exp5_num_127703.jpg,normal,free,14,6
data/raw/normal/free__exp5_num_128134.jpg,normal,free,363,1
data/raw/normal/free__exp5_num_129678.jpg,normal,free,364,1
data/raw/normal/free__exp5_num_13636.jpg,normal,free,365,1
data/raw/normal/free__exp5_num_138694.jpg,normal,free,18,6
data/raw/normal/free__exp5_num_143282.jpg,normal,free,19,6
data/raw/normal/free__exp5_num_144247.jpg,normal,free,20,6
data/raw/normal/free__exp5_num_148007.jpg,normal,free,21,6
data/raw/normal/free__exp5_num_154637.jpg,normal,free,366,1
data/raw/normal/free__exp5_num_157271.jpg,normal,free,367,2
data/raw/normal/free__exp5_num_157829.jpg,normal,free,163,3
data/raw/normal/free__exp5_num_165457.jpg,normal,free,368,1
data/raw/normal/free__exp5_num_16596.jpg,normal,free,26,5
data/raw/normal/free__exp5_num_166258.jpg,normal,free,369,1
data/raw/normal/free__exp5_num_174768.jpg,normal,free,29,5
data/raw/normal/free__exp5_num_178016.jpg,normal,free,370,1
data/raw/normal/free__exp5_num_178566.jpg,normal,free,245,2
data/raw/normal/free__exp5_num_180393.jpg,normal,free,167,3
data/raw/normal/free__exp5_num_180926.jpg,normal,free,371,1
data/raw/normal/free__exp5_num_18227.jpg,normal,free,35,6
data/raw/normal/free__exp5_num_183254.jpg,normal,free,36,2
data/raw/normal/free__exp5_num_183890.jpg,normal,free,372,1
data/raw/normal/free__exp5_num_187612.jpg,normal,free,373,1
data/raw/normal/free__exp5_num_1903.jpg,normal,free,314,2
data/raw/normal/free__exp5_num_192233.jpg,normal,free,374,2
data/raw/normal/free__exp5_num_193164.jpg,normal,free,174,4
data/raw/normal/free__exp5_num_195717.jpg,normal,free,375,1
data/raw/normal/free__exp5_num_19790.jpg,normal,free,42,6
data/raw/normal/free__exp5_num_2089.jpg,normal,free,43,2
data/raw/normal/free__exp5_num_240124.jpg,normal,free,44,5
data/raw/normal/free__exp5_num_241403.jpg,normal,free,376,2
data/raw/normal/free__exp5_num_245817.jpg,normal,free,377,1
data/raw/normal/free__exp5_num_246375.jpg,normal,free,47,6
data/raw/normal/free__exp5_num_251519.jpg,normal,free,48,6
data/raw/normal/free__exp5_num_255775.jpg,normal,free,49,5
data/raw/normal/free__exp5_num_256354.jpg,normal,free,50,6
data/raw/normal/free__exp5_num_257273.jpg,normal,free,378,1
data/raw/normal/free__exp5_num_257962.jpg,normal,free,52,6
data/raw/normal/free__exp5_num_258905.jpg,normal,free,379,1
data/raw/normal/free__exp5_num_260550.jpg,normal,free,181,3
data/raw/normal/free__exp5_num_260989.jpg,normal,free,320,2
data/raw/normal/free__exp5_num_262018.jpg,normal,free,380,2
data/raw/normal/free__exp5_num_262271.jpg,normal,free,58,4
data/raw/normal/free__exp5_num_262702.jpg,normal,free,381,1
data/raw/normal/free__exp5_num_263887.jpg,normal,free,60,6
data/raw/normal/free__exp5_num_264257.jpg,normal,free,61,6
data/raw/normal/free__exp5_num_266347.jpg,normal,free,62,2
data/raw/normal/free__exp5_num_266861.jpg,normal,free,63,6
data/raw/normal/free__exp5_num_2673.jpg,normal,free,382,1
data/raw/normal/free__exp5_num_269152.jpg,normal,free,326,2
data/raw/normal/free__exp5_num_269697.jpg,normal,free,262,2
data/raw/normal/free__exp5_num_270623.jpg,normal,free,383,1
data/raw/normal/free__exp5_num_270847.jpg,normal,free,67,5
data/raw/normal/free__exp5_num_275434.jpg,normal,free,187,4
data/raw/normal/free__exp5_num_275722.jpg,normal,free,384,1
data/raw/normal/free__exp5_num_277059.jpg,normal,free,70,2
data/raw/normal/free__exp5_num_278628.jpg,normal,free,71,2
data/raw/normal/free__exp5_num_279145.jpg,normal,free,72,6
data/raw/normal/free__exp5_num_280271.jpg,normal,free,385,1
data/raw/normal/free__exp5_num_281007.jpg,normal,free,74,5
data/raw/normal/free__exp5_num_282932.jpg,normal,free,75,6
data/raw/normal/free__exp5_num_283254.jpg,normal,free,386,1
data/raw/normal/free__exp5_num_284910.jpg,normal,free,77,6
data/raw/normal/free__exp5_num_286294.jpg,normal,free,192,5
data/raw/normal/free__exp5_num_289653.jpg,normal,free,79,4
data/raw/normal/free__exp5_num_290107.jpg,normal,free,387,1
data/raw/normal/free__exp5_num_292160.jpg,normal,free,271,3
data/raw/normal/free__exp5_num_293317.jpg,normal,free,82,4
data/raw/normal/free__exp5_num_293876.jpg,normal,free,336,2
data/raw/normal/free__exp5_num_29537.jpg,normal,free,84,5
data/raw/normal/free__exp5_num_296701.jpg,normal,free,274,3
data/raw/normal/free__exp5_num_297341.jpg,normal,free,388,1
data/raw/normal/free__exp5_num_299793.jpg,normal,free,389,2
data/raw/normal/free__exp5_num_301547.jpg,normal,free,390,1
data/raw/normal/free__exp5_num_304340.jpg,normal,free,89,6
data/raw/normal/free__exp5_num_304772.jpg,normal,free,199,4
data/raw/normal/free__exp5_num_304927.jpg,normal,free,276,4
data/raw/normal/free__exp5_num_306480.jpg,normal,free,277,4
data/raw/normal/free__exp5_num_306654.jpg,normal,free,93,6
data/raw/normal/free__exp5_num_308863.jpg,normal,free,202,4
data/raw/normal/free__exp5_num_309407.jpg,normal,free,95,6
data/raw/normal/free__exp5_num_309704.jpg,normal,free,391,1
data/raw/normal/free__exp5_num_311371.jpg,normal,free,392,1
data/raw/normal/free__exp5_num_31166.jpg,normal,free,393,2
data/raw/normal/free__exp5_num_313892.jpg,normal,free,99,6
data/raw/normal/free__exp5_num_315045.jpg,normal,free,394,1
data/raw/normal/free__exp5_num_316375.jpg,normal,free,281,3
data/raw/normal/free__exp5_num_316749.jpg,normal,free,102,6
data/raw/normal/free__exp5_num_317612.jpg,normal,free,103,4
data/raw/normal/free__exp5_num_317949.jpg,normal,free,104,5
data/raw/normal/free__exp5_num_319370.jpg,normal,free,105,4
data/raw/normal/free__exp5_num_319483.jpg,normal,free,395,1
data/raw/normal/free__exp5_num_319758.jpg,normal,free,107,5
data/raw/normal/free__exp5_num_320520.jpg,normal,free,108,5
data/raw/normal/free__exp5_num_320853.jpg,normal,free,109,7
data/raw/normal/free__exp5_num_321489.jpg,normal,free,283,3
data/raw/normal/free__exp5_num_323381.jpg,normal,free,396,1
data/raw/normal/free__exp5_num_326642.jpg,normal,free,111,5
data/raw/normal/free__exp5_num_326973.jpg,normal,free,112,6
data/raw/normal/free__exp5_num_329283.jpg,normal,free,113,4
data/raw/normal/free__exp5_num_331230.jpg,normal,free,214,6
data/raw/normal/free__exp5_num_331983.jpg,normal,free,397,1
data/raw/normal/free__exp5_num_332745.jpg,normal,free,115,4
data/raw/normal/free__exp5_num_337720.jpg,normal,free,116,6
data/raw/normal/free__exp5_num_338911.jpg,normal,free,117,6
data/raw/normal/free__exp5_num_34157.jpg,normal,free,118,4
data/raw/normal/free__exp5_num_342943.jpg,normal,free,218,5
data/raw/normal/free__exp5_num_344604.jpg,normal,free,398,1
data/raw/normal/free__exp5_num_349891.jpg,normal,free,121,6
data/raw/normal/free__exp5_num_351099.jpg,normal,free,123,6
data/raw/normal/free__exp5_num_351488.jpg,normal,free,124,6
data/raw/normal/free__exp5_num_354439.jpg,normal,free,125,6
data/raw/normal/free__exp5_num_355692.jpg,normal,free,126,6
data/raw/normal/free__exp5_num_3572.jpg,normal,free,399,1
data/raw/normal/free__exp5_num_358149.jpg,normal,free,127,6
data/raw/normal/free__exp5_num_358999.jpg,normal,free,128,6
data/raw/normal/free__exp5_num_359512.jpg,normal,free,129,6
data/raw/normal/free__exp5_num_37084.jpg,normal,free,400,1
data/raw/normal/free__exp5_num_37319.jpg,normal,free,130,6
data/raw/normal/free__exp5_num_37636.jpg,normal,free,222,2
data/raw/normal/free__exp5_num_38064.jpg,normal,free,133,5
data/raw/normal/free__exp5_num_3899.jpg,normal,free,401,1
data/raw/normal/free__exp5_num_39497.jpg,normal,free,402,1
data/raw/normal/free__exp5_num_43878.jpg,normal,free,225,2
data/raw/normal/free__exp5_num_50443.jpg,normal,free,136,6
data/raw/normal/free__exp5_num_51139.jpg,normal,free,137,6
data/raw/normal/free__exp5_num_52740.jpg,normal,free,403,1
data/raw/normal/free__exp5_num_53060.jpg,normal,free,139,12
data/raw/normal/free__exp5_num_54191.jpg,normal,free,140,4
data/raw/normal/free__exp5_num_54978.jpg,normal,free,404,1
data/raw/normal/free__exp5_num_5874.jpg,normal,free,142,6
data/raw/normal/free__exp5_num_61380.jpg,normal,free,405,2
data/raw/normal/free__exp5_num_65054.jpg,normal,free,139,12
data/raw/normal/free__exp5_num_6566.jpg,normal,free,144,6
data/raw/normal/free__exp5_num_6605.jpg,normal,free,406,1
data/raw/normal/free__exp5_num_68428.jpg,normal,free,407,1
data/raw/normal/free__exp5_num_69885.jpg,normal,free,232,2
data/raw/normal/free__exp5_num_70558.jpg,normal,free,233,3
data/raw/normal/free__exp5_num_71267.jpg,normal,free,234,2
data/raw/normal/free__exp5_num_75157.jpg,normal,free,235,5
data/raw/normal/free__exp5_num_7935.jpg,normal,free,358,2
data/raw/normal/free__exp5_num_8676.jpg,normal,free,157,4
data/raw/normal/free__exp5_num_91072.jpg,normal,free,408,1
data/raw/normal/free__exp5_num_937.jpg,normal,free,152,7
data/raw/normal/free__exp5_num_94986.jpg,normal,free,155,6
data/raw/normal/free__exp5_num_964.jpg,normal,free,237,3
data/raw/normal/free__exp6_num_1012.jpg,normal,free,237,3
data/raw/normal/free__exp6_num_10280.jpg,normal,free,156,5
data/raw/normal/free__exp6_num_106244.jpg,normal,free,3,6
data/raw/normal/free__exp6_num_106873.jpg,normal,free,4,3
data/raw/normal/free__exp6_num_10790.jpg,normal,free,409,1
data/raw/normal/free__exp6_num_11001.jpg,normal,free,5,6
data/raw/normal/free__exp6_num_110224.jpg,normal,free,410,1
data/raw/normal/free__exp6_num_11357.jpg,normal,free,7,6
data/raw/normal/free__exp6_num_114490.jpg,normal,free,8,5
data/raw/normal/free__exp6_num_116352.jpg,normal,free,9,6
data/raw/normal/free__exp6_num_117068.jpg,normal,free,411,1
data/raw/normal/free__exp6_num_118981.jpg,normal,free,11,6
data/raw/normal/free__exp6_num_126419.jpg,normal,free,12,5
data/raw/normal/free__exp6_num_126888.jpg,normal,free,13,6
data/raw/normal/free__exp6_num_127730.jpg,normal,free,14,6
data/raw/normal/free__exp6_num_128176.jpg,normal,free,302,2
data/raw/normal/free__exp6_num_129718.jpg,normal,free,412,1
data/raw/normal/free__exp6_num_13689.jpg,normal,free,17,5
data/raw/normal/free__exp6_num_138723.jpg,normal,free,18,6
data/raw/normal/free__exp6_num_143316.jpg,normal,free,19,6
data/raw/normal/free__exp6_num_144276.jpg,normal,free,20,6
data/raw/normal/free__exp6_num_148035.jpg,normal,free,21,6
data/raw/normal/free__exp6_num_154721.jpg,normal,free,304,2
data/raw/normal/free__exp6_num_157298.jpg,normal,free,367,2
data/raw/normal/free__exp6_num_157877.jpg,normal,free,306,2
data/raw/normal/free__exp6_num_165523.jpg,normal,free,413,1
data/raw/normal/free__exp6_num_16624.jpg,normal,free,414,1
data/raw/normal/free__exp6_num_166278.jpg,normal,free,28,3
data/raw/normal/free__exp6_num_174804.jpg,normal,free,29,5
data/raw/normal/free__exp6_num_178058.jpg,normal,free,415,1
data/raw/normal/free__exp6_num_178602.jpg,normal,free,416,1
data/raw/normal/free__exp6_num_180428.jpg,normal,free,417,1
data/raw/normal/free__exp6_num_180965.jpg,normal,free,418,1
data/raw/normal/free__exp6_num_18258.jpg,normal,free,35,6
data/raw/normal/free__exp6_num_183290.jpg,normal,free,419,1
data/raw/normal/free__exp6_num_183930.jpg,normal,free,420,1
data/raw/normal/free__exp6_num_187701.jpg,normal,free,38,2
data/raw/normal/free__exp6_num_192263.jpg,normal,free,374,2
data/raw/normal/free__exp6_num_193234.jpg,normal,free,421,1
data/raw/normal/free__exp6_num_195761.jpg,normal,free,253,2
data/raw/normal/free__exp6_num_1965.jpg,normal,free,422,1
data/raw/normal/free__exp6_num_19822.jpg,normal,free,42,6
data/raw/normal/free__exp6_num_2121.jpg,normal,free,176,4
data/raw/normal/free__exp6_num_240188.jpg,normal,free,44,5
data/raw/normal/free__exp6_num_241417.jpg,normal,free,376,2
data/raw/normal/free__exp6_num_245834.jpg,normal,free,423,1
data/raw/normal/free__exp6_num_246442.jpg,normal,free,47,6
data/raw/normal/free__exp6_num_251550.jpg,normal,free,48,6
data/raw/normal/free__exp6_num_255822.jpg,normal,free,424,1
data/raw/normal/free__exp6_num_256392.jpg,normal,free,50,6
data/raw/normal/free__exp6_num_257334.jpg,normal,free,425,1
data/raw/normal/free__exp6_num_258043.jpg,normal,free,52,6
data/raw/normal/free__exp6_num_258935.jpg,normal,free,426,1
data/raw/normal/free__exp6_num_260572.jpg,normal,free,427,1
data/raw/normal/free__exp6_num_261003.jpg,normal,free,182,2
data/raw/normal/free__exp6_num_262067.jpg,normal,free,380,2
data/raw/normal/free__exp6_num_262294.jpg,normal,free,428,1
data/raw/normal/free__exp6_num_262733.jpg,normal,free,429,1
data/raw/normal/free__exp6_num_263900.jpg,normal,free,60,6
data/raw/normal/free__exp6_num_264283.jpg,normal,free,61,6
data/raw/normal/free__exp6_num_266375.jpg,normal,free,430,1
data/raw/normal/free__exp6_num_266888.jpg,normal,free,63,6
data/raw/normal/free__exp6_num_269180.jpg,normal,free,64,4
data/raw/normal/free__exp6_num_2697.jpg,normal,free,184,2
data/raw/normal/free__exp6_num_269733.jpg,normal,free,431,1
data/raw/normal/free__exp6_num_270665.jpg,normal,free,432,1
data/raw/normal/free__exp6_num_270880.jpg,normal,free,67,5
data/raw/normal/free__exp6_num_275466.jpg,normal,free,187,4
data/raw/normal/free__exp6_num_275757.jpg,normal,free,433,1
data/raw/normal/free__exp6_num_277095.jpg,normal,free,434,1
data/raw/normal/free__exp6_num_278659.jpg,normal,free,266,2
data/raw/normal/free__exp6_num_279178.jpg,normal,free,72,6
data/raw/normal/free__exp6_num_280303.jpg,normal,free,73,3
data/raw/normal/free__exp6_num_281048.jpg,normal,free,74,5
data/raw/normal/free__exp6_num_282965.jpg,normal,free,75,6
data/raw/normal/free__exp6_num_283465.jpg,normal,free,435,1
data/raw/normal/free__exp6_num_284942.jpg,normal,free,77,6
data/raw/normal/free__exp6_num_286336.jpg,normal,free,192,5
data/raw/normal/free__exp6_num_289705.jpg,normal,free,79,4
data/raw/normal/free__exp6_num_290165.jpg,normal,free,436,1
data/raw/normal/free__exp6_num_292199.jpg,normal,free,271,3
data/raw/normal/free__exp6_num_293354.jpg,normal,free,437,1
data/raw/normal/free__exp6_num_293912.jpg,normal,free,438,1
data/raw/normal/free__exp6_num_29564.jpg,normal,free,84,5
data/raw/normal/free__exp6_num_296754.jpg,normal,free,85,3
data/raw/normal/free__exp6_num_297388.jpg,normal,free,338,2
data/raw/normal/free__exp6_num_299824.jpg,normal,free,389,2
data/raw/normal/free__exp6_num_301599.jpg,normal,free,88,3
data/raw/normal/free__exp6_num_304352.jpg,normal,free,89,6
data/raw/normal/free__exp6_num_304811.jpg,normal,free,439,1
data/raw/normal/free__exp6_num_304958.jpg,normal,free,276,4
data/raw/normal/free__exp6_num_306496.jpg,normal,free,277,4
data/raw/normal/free__exp6_num_306696.jpg,normal,free,93,6
data/raw/normal/free__exp6_num_308897.jpg,normal,free,202,4
data/raw/normal/free__exp6_num_309443.jpg,normal,free,95,6
data/raw/normal/free__exp6_num_309719.jpg,normal,free,96,4
data/raw/normal/free__exp6_num_311392.jpg,normal,free,440,1
data/raw/normal/free__exp6_num_31184.jpg,normal,free,393,2
data/raw/normal/free__exp6_num_313921.jpg,normal,free,99,6
data/raw/normal/free__exp6_num_315056.jpg,normal,free,441,1
data/raw/normal/free__exp6_num_316396.jpg,normal,free,281,3
data/raw/normal/free__exp6_num_316778.jpg,normal,free,102,6
data/raw/normal/free__exp6_num_317640.jpg,normal,free,103,4
data/raw/normal/free__exp6_num_317978.jpg,normal,free,442,1
data/raw/normal/free__exp6_num_319398.jpg,normal,free,105,4
data/raw/normal/free__exp6_num_319512.jpg,normal,free,443,1
data/raw/normal/free__exp6_num_319796.jpg,normal,free,107,5
data/raw/normal/free__exp6_num_320546.jpg,normal,free,108,5
data/raw/normal/free__exp6_num_320864.jpg,normal,free,109,7
data/raw/normal/free__exp6_num_321501.jpg,normal,free,444,1
data/raw/normal/free__exp6_num_323405.jpg,normal,free,110,3
data/raw/normal/free__exp6_num_326679.jpg,normal,free,111,5
data/raw/normal/free__exp6_num_327003.jpg,normal,free,112,6
data/raw/normal/free__exp6_num_329323.jpg,normal,free,113,4
data/raw/normal/free__exp6_num_331267.jpg,normal,free,214,6
data/raw/normal/free__exp6_num_332013.jpg,normal,free,445,1
data/raw/normal/free__exp6_num_332792.jpg,normal,free,115,4
data/raw/normal/free__exp6_num_337757.jpg,normal,free,116,6
data/raw/normal/free__exp6_num_338952.jpg,normal,free,117,6
data/raw/normal/free__exp6_num_34208.jpg,normal,free,118,4
data/raw/normal/free__exp6_num_342992.jpg,normal,free,218,5
data/raw/normal/free__exp6_num_344641.jpg,normal,free,120,3
data/raw/normal/free__exp6_num_349930.jpg,normal,free,121,6
data/raw/normal/free__exp6_num_351127.jpg,normal,free,123,6
data/raw/normal/free__exp6_num_351520.jpg,normal,free,124,6
data/raw/normal/free__exp6_num_354474.jpg,normal,free,125,6
data/raw/normal/free__exp6_num_355732.jpg,normal,free,126,6
data/raw/normal/free__exp6_num_358179.jpg,normal,free,127,6
data/raw/normal/free__exp6_num_359029.jpg,normal,free,128,6
data/raw/normal/free__exp6_num_359542.jpg,normal,free,129,6
data/raw/normal/free__exp6_num_3620.jpg,normal,free,446,1
data/raw/normal/free__exp6_num_37098.jpg,normal,free,131,3
data/raw/normal/free__exp6_num_37354.jpg,normal,free,130,6
data/raw/normal/free__exp6_num_37675.jpg,normal,free,447,1
data/raw/normal/free__exp6_num_38098.jpg,normal,free,448,1
data/raw/normal/free__exp6_num_39559.jpg,normal,free,449,1
data/raw/normal/free__exp6_num_3981.jpg,normal,free,450,1
data/raw/normal/free__exp6_num_43955.jpg,normal,free,291,2
data/raw/normal/free__exp6_num_50468.jpg,normal,free,136,6
data/raw/normal/free__exp6_num_51154.jpg,normal,free,137,6
data/raw/normal/free__exp6_num_52784.jpg,normal,free,451,1
data/raw/normal/free__exp6_num_53080.jpg,normal,free,139,12
data/raw/normal/free__exp6_num_54271.jpg,normal,free,140,4
data/raw/normal/free__exp6_num_55020.jpg,normal,free,452,1
data/raw/normal/free__exp6_num_5892.jpg,normal,free,142,6
data/raw/normal/free__exp6_num_61501.jpg,normal,free,405,2
data/raw/normal/free__exp6_num_65067.jpg,normal,free,139,12
data/raw/normal/free__exp6_num_6600.jpg,normal,free,144,6
data/raw/normal/free__exp6_num_6634.jpg,normal,free,453,1
data/raw/normal/free__exp6_num_68465.jpg,normal,free,454,1
data/raw/normal/free__exp6_num_69923.jpg,normal,free,455,1
data/raw/normal/free__exp6_num_70585.jpg,normal,free,233,3
data/raw/normal/free__exp6_num_71297.jpg,normal,free,149,2
data/raw/normal/free__exp6_num_75343.jpg,normal,free,235,5
data/raw/normal/free__exp6_num_8015.jpg,normal,free,151,2
data/raw/normal/free__exp6_num_91131.jpg,normal,free,154,4
data/raw/normal/free__exp6_num_9196.jpg,normal,free,360,2
data/raw/normal/free__exp6_num_95059.jpg,normal,free,155,6
data/raw/defective/blowhole__exp1_num_108719.jpg,defective,blowhole,456,8
data/raw/defective/blowhole__exp1_num_108889.jpg,defective,blowhole,456,8
data/raw/defective/blowhole__exp1_num_262480.jpg,defective,blowhole,457,1
data/raw/defective/blowhole__exp1_num_265077.jpg,defective,blowhole,458,4
data/raw/defective/blowhole__exp1_num_290998.jpg,defective,blowhole,459,6
data/raw/defective/blowhole__exp1_num_297464.jpg,defective,blowhole,460,6
data/raw/defective/blowhole__exp1_num_308015.jpg,defective,blowhole,461,5
data/raw/defective/blowhole__exp1_num_317483.jpg,defective,blowhole,462,6
data/raw/defective/blowhole__exp1_num_322605.jpg,defective,blowhole,463,1
data/raw/defective/blowhole__exp1_num_327970.jpg,defective,blowhole,464,6
data/raw/defective/blowhole__exp1_num_346311.jpg,defective,blowhole,465,2
data/raw/defective/blowhole__exp1_num_36290.jpg,defective,blowhole,466,4
data/raw/defective/blowhole__exp1_num_3667.jpg,defective,blowhole,467,2
data/raw/defective/blowhole__exp1_num_40410.jpg,defective,blowhole,468,1
data/raw/defective/blowhole__exp1_num_4727.jpg,defective,blowhole,469,1
data/raw/defective/blowhole__exp1_num_4944.jpg,defective,blowhole,470,2
data/raw/defective/blowhole__exp1_num_51674.jpg,defective,blowhole,471,1
data/raw/defective/blowhole__exp1_num_54246.jpg,defective,blowhole,472,2
data/raw/defective/blowhole__exp1_num_6984.jpg,defective,blowhole,473,6
data/raw/defective/blowhole__exp1_num_9473.jpg,defective,blowhole,474,2
data/raw/defective/blowhole__exp2_num_108741.jpg,defective,blowhole,456,8
data/raw/defective/blowhole__exp2_num_108923.jpg,defective,blowhole,456,8
data/raw/defective/blowhole__exp2_num_262572.jpg,defective,blowhole,475,1
data/raw/defective/blowhole__exp2_num_265103.jpg,defective,blowhole,458,4
data/raw/defective/blowhole__exp2_num_291023.jpg,defective,blowhole,459,6
data/raw/defective/blowhole__exp2_num_297490.jpg,defective,blowhole,460,6
data/raw/defective/blowhole__exp2_num_308043.jpg,defective,blowhole,461,5
data/raw/defective/blowhole__exp2_num_317512.jpg,defective,blowhole,462,6
data/raw/defective/blowhole__exp2_num_322630.jpg,defective,blowhole,476,2
data/raw/defective/blowhole__exp2_num_327997.jpg,defective,blowhole,464,6
data/raw/defective/blowhole__exp2_num_36302.jpg,defective,blowhole,466,4
data/raw/defective/blowhole__exp2_num_3696.jpg,defective,blowhole,477,4
data/raw/defective/blowhole__exp2_num_40424.jpg,defective,blowhole,478,1
data/raw/defective/blowhole__exp2_num_4748.jpg,defective,blowhole,479,2
data/raw/defective/blowhole__exp2_num_4964.jpg,defective,blowhole,470,2
data/raw/defective/blowhole__exp2_num_51697.jpg,defective,blowhole,480,1
data/raw/defective/blowhole__exp2_num_54273.jpg,defective,blowhole,472,2
data/raw/defective/blowhole__exp2_num_7009.jpg,defective,blowhole,473,6
data/raw/defective/blowhole__exp2_num_9496.jpg,defective,blowhole,481,2
data/raw/defective/blowhole__exp3_num_108757.jpg,defective,blowhole,456,8
data/raw/defective/blowhole__exp3_num_262601.jpg,defective,blowhole,482,1
data/raw/defective/blowhole__exp3_num_265117.jpg,defective,blowhole,483,1
data/raw/defective/blowhole__exp3_num_291038.jpg,defective,blowhole,459,6
data/raw/defective/blowhole__exp3_num_297506.jpg,defective,blowhole,460,6
data/raw/defective/blowhole__exp3_num_308061.jpg,defective,blowhole,484,1
data/raw/defective/blowhole__exp3_num_317526.jpg,defective,blowhole,462,6
data/raw/defective/blowhole__exp3_num_322643.jpg,defective,blowhole,485,2
data/raw/defective/blowhole__exp3_num_328014.jpg,defective,blowhole,464,6
data/raw/defective/blowhole__exp3_num_346347.jpg,defective,blowhole,486,1
data/raw/defective/blowhole__exp3_num_36246.jpg,defective,blowhole,466,4
data/raw/defective/blowhole__exp3_num_3710.jpg,defective,blowhole,467,2
data/raw/defective/blowhole__exp3_num_40438.jpg,defective,blowhole,487,1
data/raw/defective/blowhole__exp3_num_4764.jpg,defective,blowhole,479,2
data/raw/defective/blowhole__exp3_num_4978.jpg,defective,blowhole,488,1
data/raw/defective/blowhole__exp3_num_51711.jpg,defective,blowhole,489,2
data/raw/defective/blowhole__exp3_num_54291.jpg,defective,blowhole,490,1
data/raw/defective/blowhole__exp3_num_7023.jpg,defective,blowhole,473,6
data/raw/defective/blowhole__exp3_num_853.jpg,defective,blowhole,152,7
data/raw/defective/blowhole__exp3_num_9508.jpg,defective,blowhole,481,2
data/raw/defective/blowhole__exp4_num_108774.jpg,defective,blowhole,456,8
data/raw/defective/blowhole__exp4_num_262626.jpg,defective,blowhole,491,1
data/raw/defective/blowhole__exp4_num_265131.jpg,defective,blowhole,458,4
data/raw/defective/blowhole__exp4_num_291052.jpg,defective,blowhole,459,6
data/raw/defective/blowhole__exp4_num_297524.jpg,defective,blowhole,460,6
data/raw/defective/blowhole__exp4_num_308078.jpg,defective,blowhole,461,5
data/raw/defective/blowhole__exp4_num_317540.jpg,defective,blowhole,462,6
data/raw/defective/blowhole__exp4_num_322656.jpg,defective,blowhole,476,2
data/raw/defective/blowhole__exp4_num_328029.jpg,defective,blowhole,464,6
data/raw/defective/blowhole__exp4_num_36258.jpg,defective,blowhole,492,1
data/raw/defective/blowhole__exp4_num_3724.jpg,defective,blowhole,477,4
data/raw/defective/blowhole__exp4_num_40450.jpg,defective,blowhole,493,1
data/raw/defective/blowhole__exp4_num_4779.jpg,defective,blowhole,494,1
data/raw/defective/blowhole__exp4_num_4995.jpg,defective,blowhole,495,2
data/raw/defective/blowhole__exp4_num_51725.jpg,defective,blowhole,496,1
data/raw/defective/blowhole__exp4_num_54308.jpg,defective,blowhole,497,1
data/raw/defective/blowhole__exp4_num_7036.jpg,defective,blowhole,473,6
data/raw/defective/blowhole__exp4_num_9520.jpg,defective,blowhole,474,2
data/raw/defective/blowhole__exp5_num_108791.jpg,defective,blowhole,456,8
data/raw/defective/blowhole__exp5_num_262654.jpg,defective,blowhole,498,1
data/raw/defective/blowhole__exp5_num_265149.jpg,defective,blowhole,458,4
data/raw/defective/blowhole__exp5_num_291077.jpg,defective,blowhole,459,6
data/raw/defective/blowhole__exp5_num_297552.jpg,defective,blowhole,460,6
data/raw/defective/blowhole__exp5_num_308098.jpg,defective,blowhole,461,5
data/raw/defective/blowhole__exp5_num_317558.jpg,defective,blowhole,462,6
data/raw/defective/blowhole__exp5_num_322672.jpg,defective,blowhole,485,2
data/raw/defective/blowhole__exp5_num_328057.jpg,defective,blowhole,464,6
data/raw/defective/blowhole__exp5_num_346381.jpg,defective,blowhole,465,2
data/raw/defective/blowhole__exp5_num_36269.jpg,defective,blowhole,466,4
data/raw/defective/blowhole__exp5_num_3746.jpg,defective,blowhole,477,4
data/raw/defective/blowhole__exp5_num_40480.jpg,defective,blowhole,499,1
data/raw/defective/blowhole__exp5_num_4801.jpg,defective,blowhole,500,1
data/raw/defective/blowhole__exp5_num_5022.jpg,defective,blowhole,495,2
data/raw/defective/blowhole__exp5_num_51739.jpg,defective,blowhole,501,1
data/raw/defective/blowhole__exp5_num_54331.jpg,defective,blowhole,502,1
data/raw/defective/blowhole__exp5_num_7054.jpg,defective,blowhole,473,6
data/raw/defective/blowhole__exp5_num_9549.jpg,defective,blowhole,503,1
data/raw/defective/blowhole__exp6_num_108812.jpg,defective,blowhole,456,8
data/raw/defective/blowhole__exp6_num_262705.jpg,defective,blowhole,504,1
data/raw/defective/blowhole__exp6_num_265182.jpg,defective,blowhole,505,1
data/raw/defective/blowhole__exp6_num_291134.jpg,defective,blowhole,459,6
data/raw/defective/blowhole__exp6_num_297601.jpg,defective,blowhole,460,6
data/raw/defective/blowhole__exp6_num_308130.jpg,defective,blowhole,461,5
data/raw/defective/blowhole__exp6_num_317592.jpg,defective,blowhole,462,6
data/raw/defective/blowhole__exp6_num_322697.jpg,defective,blowhole,506,1
data/raw/defective/blowhole__exp6_num_328105.jpg,defective,blowhole,464,6
data/raw/defective/blowhole__exp6_num_346414.jpg,defective,blowhole,507,1
data/raw/defective/blowhole__exp6_num_36280.jpg,defective,blowhole,508,1
data/raw/defective/blowhole__exp6_num_3789.jpg,defective,blowhole,477,4
data/raw/defective/blowhole__exp6_num_40515.jpg,defective,blowhole,509,1
data/raw/defective/blowhole__exp6_num_4841.jpg,defective,blowhole,510,1
data/raw/defective/blowhole__exp6_num_5106.jpg,defective,blowhole,511,1
data/raw/defective/blowhole__exp6_num_51771.jpg,defective,blowhole,489,2
data/raw/defective/blowhole__exp6_num_54366.jpg,defective,blowhole,512,1
data/raw/defective/blowhole__exp6_num_7102.jpg,defective,blowhole,473,6
data/raw/defective/blowhole__exp6_num_9594.jpg,defective,blowhole,513,1
data/raw/defective/break__exp1_num_116934.jpg,defective,break,514,1
data/raw/defective/break__exp1_num_194173.jpg,defective,break,515,3
data/raw/defective/break__exp1_num_241889.jpg,defective,break,516,1
data/raw/defective/break__exp1_num_26106.jpg,defective,break,517,4
data/raw/defective/break__exp1_num_271361.jpg,defective,break,518,2
data/raw/defective/break__exp1_num_284482.jpg,defective,break,519,3
data/raw/defective/break__exp1_num_304290.jpg,defective,break,520,2
data/raw/defective/break__exp1_num_320649.jpg,defective,break,521,1
data/raw/defective/break__exp1_num_348629.jpg,defective,break,522,1
data/raw/defective/break__exp1_num_356718.jpg,defective,break,523,4
data/raw/defective/break__exp1_num_62553.jpg,defective,break,524,1
data/raw/defective/break__exp1_num_98080.jpg,defective,break,525,1
data/raw/defective/break__exp2_num_105807.jpg,defective,break,526,1
data/raw/defective/break__exp2_num_116961.jpg,defective,break,527,1
data/raw/defective/break__exp2_num_194202.jpg,defective,break,515,3
data/raw/defective/break__exp2_num_241913.jpg,defective,break,528,1
data/raw/defective/break__exp2_num_26130.jpg,defective,break,517,4
data/raw/defective/break__exp2_num_271384.jpg,defective,break,529,1
data/raw/defective/break__exp2_num_276373.jpg,defective,break,530,2
data/raw/defective/break__exp2_num_284506.jpg,defective,break,531,1
data/raw/defective/break__exp2_num_304305.jpg,defective,break,520,2
data/raw/defective/break__exp2_num_320673.jpg,defective,break,532,1
data/raw/defective/break__exp2_num_348648.jpg,defective,break,533,1
data/raw/defective/break__exp2_num_356745.jpg,defective,break,534,1
data/raw/defective/break__exp2_num_62577.jpg,defective,break,535,1
data/raw/defective/break__exp2_num_98102.jpg,defective,break,536,1
data/raw/defective/break__exp3_num_105826.jpg,defective,break,537,2
data/raw/defective/break__exp3_num_116981.jpg,defective,break,361,4
data/raw/defective/break__exp3_num_148977.jpg,defective,break,538,1
data/raw/defective/break__exp3_num_194220.jpg,defective,break,539,1
data/raw/defective/break__exp3_num_241926.jpg,defective,break,540,1
data/raw/defective/break__exp3_num_26146.jpg,defective,break,541,2
data/raw/defective/break__exp3_num_271400.jpg,defective,break,542,2
data/raw/defective/break__exp3_num_276387.jpg,defective,break,543,1
data/raw/defective/break__exp3_num_284520.jpg,defective,break,519,3
data/raw/defective/break__exp3_num_304317.jpg,defective,break,544,1
data/raw/defective/break__exp3_num_320689.jpg,defective,break,545,2
data/raw/defective/break__exp3_num_348661.jpg,defective,break,546,3
data/raw/defective/break__exp3_num_356756.jpg,defective,break,523,4
data/raw/defective/break__exp3_num_62592.jpg,defective,break,547,2
data/raw/defective/break__exp3_num_77583.jpg,defective,break,548,2
data/raw/defective/break__exp3_num_98116.jpg,defective,break,549,1
data/raw/defective/break__exp4_num_105851.jpg,defective,break,550,1
data/raw/defective/break__exp4_num_116999.jpg,defective,break,361,4
data/raw/defective/break__exp4_num_194236.jpg,defective,break,515,3
data/raw/defective/break__exp4_num_241939.jpg,defective,break,551,1
data/raw/defective/break__exp4_num_26163.jpg,defective,break,541,2
data/raw/defective/break__exp4_num_271416.jpg,defective,break,518,2
data/raw/defective/break__exp4_num_276401.jpg,defective,break,530,2
data/raw/defective/break__exp4_num_284532.jpg,defective,break,552,1
data/raw/defective/break__exp4_num_304328.jpg,defective,break,553,1
data/raw/defective/break__exp4_num_320705.jpg,defective,break,554,1
data/raw/defective/break__exp4_num_348673.jpg,defective,break,546,3
data/raw/defective/break__exp4_num_356767.jpg,defective,break,523,4
data/raw/defective/break__exp4_num_62606.jpg,defective,break,555,1
data/raw/defective/break__exp4_num_98305.jpg,defective,break,556,1
data/raw/defective/break__exp5_num_105879.jpg,defective,break,537,2
data/raw/defective/break__exp5_num_149023.jpg,defective,break,557,1
data/raw/defective/break__exp5_num_194256.jpg,defective,break,558,1
data/raw/defective/break__exp5_num_242089.jpg,defective,break,559,1
data/raw/defective/break__exp5_num_26212.jpg,defective,break,517,4
data/raw/defective/break__exp5_num_271434.jpg,defective,break,542,2
data/raw/defective/break__exp5_num_276416.jpg,defective,break,560,3
data/raw/defective/break__exp5_num_284552.jpg,defective,break,519,3
data/raw/defective/break__exp5_num_304345.jpg,defective,break,561,1
data/raw/defective/break__exp5_num_320724.jpg,defective,break,545,2
data/raw/defective/break__exp5_num_348696.jpg,defective,break,546,3
data/raw/defective/break__exp5_num_356780.jpg,defective,break,523,4
data/raw/defective/break__exp5_num_62619.jpg,defective,break,547,2
data/raw/defective/break__exp5_num_98336.jpg,defective,break,562,1
data/raw/defective/break__exp6_num_105927.jpg,defective,break,563,1
data/raw/defective/break__exp6_num_117060.jpg,defective,break,361,4
data/raw/defective/break__exp6_num_149097.jpg,defective,break,564,1
data/raw/defective/break__exp6_num_194304.jpg,defective,break,565,1
data/raw/defective/break__exp6_num_242123.jpg,defective,break,566,1
data/raw/defective/break__exp6_num_26244.jpg,defective,break,517,4
data/raw/defective/break__exp6_num_271512.jpg,defective,break,567,1
data/raw/defective/break__exp6_num_276451.jpg,defective,break,560,3
data/raw/defective/break__exp6_num_284593.jpg,defective,break,568,1
data/raw/defective/break__exp6_num_304361.jpg,defective,break,569,1
data/raw/defective/break__exp6_num_320759.jpg,defective,break,570,1
data/raw/defective/break__exp6_num_348888.jpg,defective,break,571,1
data/raw/defective/break__exp6_num_356817.jpg,defective,break,572,1
data/raw/defective/break__exp6_num_62649.jpg,defective,break,573,1
data/raw/defective/break__exp6_num_98402.jpg,defective,break,574,1
data/raw/defective/crack__exp1_num_249594.jpg,defective,crack,575,2
data/raw/defective/crack__exp1_num_265613.jpg,defective,crack,576,3
data/raw/defective/crack__exp1_num_276355.jpg,defective,crack,560,3
data/raw/defective/crack__exp1_num_3191.jpg,defective,crack,577,3
data/raw/defective/crack__exp1_num_32128.jpg,defective,crack,578,1
data/raw/defective/crack__exp1_num_339819.jpg,defective,crack,579,1
data/raw/defective/crack__exp1_num_342140.jpg,defective,crack,580,2
data/raw/defective/crack__exp1_num_85781.jpg,defective,crack,581,12
data/raw/defective/crack__exp1_num_86828.jpg,defective,crack,581,12
data/raw/defective/crack__exp2_num_116527.jpg,defective,crack,582,3
data/raw/defective/crack__exp2_num_249619.jpg,defective,crack,575,2
data/raw/defective/crack__exp2_num_265639.jpg,defective,crack,576,3
data/raw/defective/crack__exp2_num_3211.jpg,defective,crack,577,3
data/raw/defective/crack__exp2_num_32153.jpg,defective,crack,583,1
data/raw/defective/crack__exp2_num_339841.jpg,defective,crack,584,2
data/raw/defective/crack__exp2_num_342162.jpg,defective,crack,580,2
data/raw/defective/crack__exp2_num_85846.jpg,defective,crack,581,12
data/raw/defective/crack__exp2_num_86854.jpg,defective,crack,581,12
data/raw/defective/crack__exp3_num_116541.jpg,defective,crack,582,3
data/raw/defective/crack__exp3_num_249637.jpg,defective,crack,585,1
data/raw/defective/crack__exp3_num_265659.jpg,defective,crack,586,1
data/raw/defective/crack__exp3_num_32171.jpg,defective,crack,587,1
data/raw/defective/crack__exp3_num_3223.jpg,defective,crack,577,3
data/raw/defective/crack__exp3_num_339854.jpg,defective,crack,588,1
data/raw/defective/crack__exp3_num_342176.jpg,defective,crack,589,1
data/raw/defective/crack__exp3_num_85897.jpg,defective,crack,581,12
data/raw/defective/crack__exp3_num_86892.jpg,defective,crack,581,12
data/raw/defective/crack__exp4_num_116553.jpg,defective,crack,582,3
data/raw/defective/crack__exp4_num_249762.jpg,defective,crack,590,1
data/raw/defective/crack__exp4_num_265677.jpg,defective,crack,576,3
data/raw/defective/crack__exp4_num_32185.jpg,defective,crack,591,1
data/raw/defective/crack__exp4_num_3234.jpg,defective,crack,592,1
data/raw/defective/crack__exp4_num_339867.jpg,defective,crack,584,2
data/raw/defective/crack__exp4_num_342190.jpg,defective,crack,593,1
data/raw/defective/crack__exp4_num_85602.jpg,defective,crack,594,3
data/raw/defective/crack__exp4_num_85998.jpg,defective,crack,594,3
data/raw/defective/crack__exp4_num_88149.jpg,defective,crack,594,3
data/raw/defective/crack__exp5_num_116575.jpg,defective,crack,595,2
data/raw/defective/crack__exp5_num_249786.jpg,defective,crack,596,1
data/raw/defective/crack__exp5_num_265695.jpg,defective,crack,597,1
data/raw/defective/crack__exp5_num_32201.jpg,defective,crack,598,1
data/raw/defective/crack__exp5_num_3247.jpg,defective,crack,599,1
data/raw/defective/crack__exp5_num_339932.jpg,defective,crack,600,1
data/raw/defective/crack__exp5_num_342212.jpg,defective,crack,601,1
data/raw/defective/crack__exp5_num_85642.jpg,defective,crack,581,12
data/raw/defective/crack__exp5_num_86031.jpg,defective,crack,581,12
data/raw/defective/crack__exp5_num_88170.jpg,defective,crack,581,12
data/raw/defective/crack__exp6_num_116623.jpg,defective,crack,595,2
data/raw/defective/crack__exp6_num_249821.jpg,defective,crack,602,1
data/raw/defective/crack__exp6_num_265737.jpg,defective,crack,603,1
data/raw/defective/crack__exp6_num_32235.jpg,defective,crack,604,1
data/raw/defective/crack__exp6_num_3279.jpg,defective,crack,605,1
data/raw/defective/crack__exp6_num_339965.jpg,defective,crack,606,1
data/raw/defective/crack__exp6_num_342249.jpg,defective,crack,607,1
data/raw/defective/crack__exp6_num_85665.jpg,defective,crack,581,12
data/raw/defective/crack__exp6_num_86064.jpg,defective,crack,581,12
data/raw/defective/crack__exp6_num_88201.jpg,defective,crack,581,12
data/raw/defective/fray__exp0_num_797.jpg,defective,fray,152,7
data/raw/defective/fray__exp1_num_135544.jpg,defective,fray,608,6
data/raw/defective/fray__exp1_num_136254.jpg,defective,fray,609,2
data/raw/defective/fray__exp1_num_20362.jpg,defective,fray,610,1
data/raw/defective/fray__exp1_num_258511.jpg,defective,fray,611,1
data/raw/defective/fray__exp1_num_331149.jpg,defective,fray,214,6
data/raw/defective/fray__exp1_num_77531.jpg,defective,fray,548,2
data/raw/defective/fray__exp2_num_135572.jpg,defective,fray,608,6
data/raw/defective/fray__exp2_num_136286.jpg,defective,fray,609,2
data/raw/defective/fray__exp2_num_20390.jpg,defective,fray,612,1
data/raw/defective/fray__exp2_num_258536.jpg,defective,fray,613,1
data/raw/defective/fray__exp2_num_77559.jpg,defective,fray,614,1
data/raw/defective/fray__exp3_num_135593.jpg,defective,fray,608,6
data/raw/defective/fray__exp3_num_136351.jpg,defective,fray,615,1
data/raw/defective/fray__exp3_num_20409.jpg,defective,fray,616,1
data/raw/defective/fray__exp3_num_258558.jpg,defective,fray,617,1
data/raw/defective/fray__exp4_num_135615.jpg,defective,fray,608,6
data/raw/defective/fray__exp4_num_136676.jpg,defective,fray,618,2
data/raw/defective/fray__exp4_num_20426.jpg,defective,fray,619,1
data/raw/defective/fray__exp4_num_258590.jpg,defective,fray,620,1
data/raw/defective/fray__exp4_num_77613.jpg,defective,fray,621,2
data/raw/defective/fray__exp5_num_135651.jpg,defective,fray,608,6
data/raw/defective/fray__exp5_num_136716.jpg,defective,fray,618,2
data/raw/defective/fray__exp5_num_20449.jpg,defective,fray,622,1
data/raw/defective/fray__exp5_num_258619.jpg,defective,fray,623,1
data/raw/defective/fray__exp5_num_77692.jpg,defective,fray,621,2
data/raw/defective/fray__exp6_num_135686.jpg,defective,fray,608,6
data/raw/defective/fray__exp6_num_136770.jpg,defective,fray,624,1
data/raw/defective/fray__exp6_num_20496.jpg,defective,fray,625,1
data/raw/defective/fray__exp6_num_258703.jpg,defective,fray,626,1
data/raw/defective/fray__exp6_num_77744.jpg,defective,fray,627,1
data/raw/defective/fray__exp6_num_972.jpg,defective,fray,152,7
data/raw/defective/uneven__exp0_num_461.jpg,defective,uneven,628,4
data/raw/defective/uneven__exp1_num_109232.jpg,defective,uneven,629,6
data/raw/defective/uneven__exp1_num_124236.jpg,defective,uneven,630,1
data/raw/defective/uneven__exp1_num_129031.jpg,defective,uneven,631,3
data/raw/defective/uneven__exp1_num_139798.jpg,defective,uneven,632,5
data/raw/defective/uneven__exp1_num_155300.jpg,defective,uneven,633,1
data/raw/defective/uneven__exp1_num_172241.jpg,defective,uneven,634,1
data/raw/defective/uneven__exp1_num_186826.jpg,defective,uneven,635,4
data/raw/defective/uneven__exp1_num_24793.jpg,defective,uneven,636,6
data/raw/defective/uneven__exp1_num_270128.jpg,defective,uneven,637,6
data/raw/defective/uneven__exp1_num_274094.jpg,defective,uneven,638,1
data/raw/defective/uneven__exp1_num_28341.jpg,defective,uneven,639,6
data/raw/defective/uneven__exp1_num_311809.jpg,defective,uneven,640,4
data/raw/defective/uneven__exp1_num_313478.jpg,defective,uneven,641,1
data/raw/defective/uneven__exp1_num_33365.jpg,defective,uneven,642,6
data/raw/defective/uneven__exp1_num_352479.jpg,defective,uneven,643,6
data/raw/defective/uneven__exp1_num_45007.jpg,defective,uneven,644,6
data/raw/defective/uneven__exp1_num_524.jpg,defective,uneven,645,1
data/raw/defective/uneven__exp2_num_109256.jpg,defective,uneven,629,6
data/raw/defective/uneven__exp2_num_124592.jpg,defective,uneven,646,1
data/raw/defective/uneven__exp2_num_129056.jpg,defective,uneven,631,3
data/raw/defective/uneven__exp2_num_139820.jpg,defective,uneven,632,5
data/raw/defective/uneven__exp2_num_155333.jpg,defective,uneven,647,1
data/raw/defective/uneven__exp2_num_172267.jpg,defective,uneven,648,1
data/raw/defective/uneven__exp2_num_186858.jpg,defective,uneven,635,4
data/raw/defective/uneven__exp2_num_24815.jpg,defective,uneven,636,6
data/raw/defective/uneven__exp2_num_270153.jpg,defective,uneven,637,6
data/raw/defective/uneven__exp2_num_274120.jpg,defective,uneven,649,1
data/raw/defective/uneven__exp2_num_28359.jpg,defective,uneven,639,6
data/raw/defective/uneven__exp2_num_311834.jpg,defective,uneven,640,4
data/raw/defective/uneven__exp2_num_313494.jpg,defective,uneven,650,1
data/raw/defective/uneven__exp2_num_33380.jpg,defective,uneven,642,6
data/raw/defective/uneven__exp2_num_352504.jpg,defective,uneven,643,6
data/raw/defective/uneven__exp2_num_45028.jpg,defective,uneven,644,6
data/raw/defective/uneven__exp2_num_542.jpg,defective,uneven,628,4
data/raw/defective/uneven__exp3_num_109271.jpg,defective,uneven,629,6
data/raw/defective/uneven__exp3_num_124629.jpg,defective,uneven,651,3
data/raw/defective/uneven__exp3_num_129069.jpg,defective,uneven,652,1
data/raw/defective/uneven__exp3_num_139838.jpg,defective,uneven,653,1
data/raw/defective/uneven__exp3_num_155360.jpg,defective,uneven,654,1
data/raw/defective/uneven__exp3_num_172286.jpg,defective,uneven,655,1
data/raw/defective/uneven__exp3_num_186885.jpg,defective,uneven,656,1
data/raw/defective/uneven__exp3_num_24829.jpg,defective,uneven,636,6
data/raw/defective/uneven__exp3_num_270169.jpg,defective,uneven,637,6
data/raw/defective/uneven__exp3_num_274138.jpg,defective,uneven,657,1
data/raw/defective/uneven__exp3_num_28373.jpg,defective,uneven,639,6
data/raw/defective/uneven__exp3_num_311847.jpg,defective,uneven,640,4
data/raw/defective/uneven__exp3_num_313507.jpg,defective,uneven,658,3
data/raw/defective/uneven__exp3_num_33395.jpg,defective,uneven,642,6
data/raw/defective/uneven__exp3_num_352516.jpg,defective,uneven,643,6
data/raw/defective/uneven__exp3_num_45042.jpg,defective,uneven,644,6
data/raw/defective/uneven__exp3_num_557.jpg,defective,uneven,659,2
data/raw/defective/uneven__exp4_num_109286.jpg,defective,uneven,629,6
data/raw/defective/uneven__exp4_num_124690.jpg,defective,uneven,651,3
data/raw/defective/uneven__exp4_num_129083.jpg,defective,uneven,660,1
data/raw/defective/uneven__exp4_num_139856.jpg,defective,uneven,632,5
data/raw/defective/uneven__exp4_num_155384.jpg,defective,uneven,661,1
data/raw/defective/uneven__exp4_num_172304.jpg,defective,uneven,662,1
data/raw/defective/uneven__exp4_num_186909.jpg,defective,uneven,635,4
data/raw/defective/uneven__exp4_num_24843.jpg,defective,uneven,636,6
data/raw/defective/uneven__exp4_num_270184.jpg,defective,uneven,637,6
data/raw/defective/uneven__exp4_num_274154.jpg,defective,uneven,663,2
data/raw/defective/uneven__exp4_num_28388.jpg,defective,uneven,639,6
data/raw/defective/uneven__exp4_num_311863.jpg,defective,uneven,640,4
data/raw/defective/uneven__exp4_num_313519.jpg,defective,uneven,658,3
data/raw/defective/uneven__exp4_num_33407.jpg,defective,uneven,642,6
data/raw/defective/uneven__exp4_num_352527.jpg,defective,uneven,643,6
data/raw/defective/uneven__exp4_num_45057.jpg,defective,uneven,644,6
data/raw/defective/uneven__exp4_num_573.jpg,defective,uneven,628,4
data/raw/defective/uneven__exp5_num_109313.jpg,defective,uneven,629,6
data/raw/defective/uneven__exp5_num_124744.jpg,defective,uneven,651,3
data/raw/defective/uneven__exp5_num_129103.jpg,defective,uneven,631,3
data/raw/defective/uneven__exp5_num_139883.jpg,defective,uneven,632,5
data/raw/defective/uneven__exp5_num_155415.jpg,defective,uneven,664,2
data/raw/defective/uneven__exp5_num_172332.jpg,defective,uneven,665,1
data/raw/defective/uneven__exp5_num_186953.jpg,defective,uneven,635,4
data/raw/defective/uneven__exp5_num_24876.jpg,defective,uneven,636,6
data/raw/defective/uneven__exp5_num_270218.jpg,defective,uneven,637,6
data/raw/defective/uneven__exp5_num_274174.jpg,defective,uneven,663,2
data/raw/defective/uneven__exp5_num_28404.jpg,defective,uneven,639,6
data/raw/defective/uneven__exp5_num_311887.jpg,defective,uneven,666,1
data/raw/defective/uneven__exp5_num_313536.jpg,defective,uneven,667,1
data/raw/defective/uneven__exp5_num_33487.jpg,defective,uneven,642,6
data/raw/defective/uneven__exp5_num_352540.jpg,defective,uneven,643,6
data/raw/defective/uneven__exp5_num_45084.jpg,defective,uneven,644,6
data/raw/defective/uneven__exp5_num_592.jpg,defective,uneven,659,2
data/raw/defective/uneven__exp6_num_109350.jpg,defective,uneven,629,6
data/raw/defective/uneven__exp6_num_124787.jpg,defective,uneven,668,1
data/raw/defective/uneven__exp6_num_129148.jpg,defective,uneven,669,1
data/raw/defective/uneven__exp6_num_139916.jpg,defective,uneven,632,5
data/raw/defective/uneven__exp6_num_155478.jpg,defective,uneven,664,2
data/raw/defective/uneven__exp6_num_172365.jpg,defective,uneven,670,1
data/raw/defective/uneven__exp6_num_187011.jpg,defective,uneven,671,1
data/raw/defective/uneven__exp6_num_25007.jpg,defective,uneven,636,6
data/raw/defective/uneven__exp6_num_270255.jpg,defective,uneven,637,6
data/raw/defective/uneven__exp6_num_274218.jpg,defective,uneven,672,1
data/raw/defective/uneven__exp6_num_28424.jpg,defective,uneven,639,6
data/raw/defective/uneven__exp6_num_311924.jpg,defective,uneven,673,1
data/raw/defective/uneven__exp6_num_313568.jpg,defective,uneven,658,3
data/raw/defective/uneven__exp6_num_33541.jpg,defective,uneven,642,6
data/raw/defective/uneven__exp6_num_352572.jpg,defective,uneven,643,6
data/raw/defective/uneven__exp6_num_45116.jpg,defective,uneven,644,6
data/raw/defective/uneven__exp6_num_628.jpg,defective,uneven,628,4
