filename,label,defect_type
blowhole__exp1_num_108719.jpg,defective,blowhole
blowhole__exp1_num_108889.jpg,defective,blowhole
blowhole__exp1_num_262480.jpg,defective,blowhole
blowhole__exp1_num_265077.jpg,defective,blowhole
blowhole__exp1_num_290998.jpg,defective,blowhole
blowhole__exp1_num_297464.jpg,defective,blowhole
blowhole__exp1_num_308015.jpg,defective,blowhole
blowhole__exp1_num_317483.jpg,defective,blowhole
blowhole__exp1_num_322605.jpg,defective,blowhole
blowhole__exp1_num_327970.jpg,defective,blowhole
blowhole__exp1_num_346311.jpg,defective,blowhole
blowhole__exp1_num_36290.jpg,defective,blowhole
blowhole__exp1_num_3667.jpg,defective,blowhole
blowhole__exp1_num_40410.jpg,defective,blowhole
blowhole__exp1_num_4727.jpg,defective,blowhole
blowhole__exp1_num_4944.jpg,defective,blowhole
blowhole__exp1_num_51674.jpg,defective,blowhole
blowhole__exp1_num_54246.jpg,defective,blowhole
blowhole__exp1_num_6984.jpg,defective,blowhole
blowhole__exp1_num_9473.jpg,defective,blowhole
blowhole__exp2_num_108741.jpg,defective,blowhole
blowhole__exp2_num_108923.jpg,defective,blowhole
blowhole__exp2_num_262572.jpg,defective,blowhole
blowhole__exp2_num_265103.jpg,defective,blowhole
blowhole__exp2_num_291023.jpg,defective,blowhole
blowhole__exp2_num_297490.jpg,defective,blowhole
blowhole__exp2_num_308043.jpg,defective,blowhole
blowhole__exp2_num_317512.jpg,defective,blowhole
blowhole__exp2_num_322630.jpg,defective,blowhole
blowhole__exp2_num_327997.jpg,defective,blowhole
blowhole__exp2_num_36302.jpg,defective,blowhole
blowhole__exp2_num_3696.jpg,defective,blowhole
blowhole__exp2_num_40424.jpg,defective,blowhole
blowhole__exp2_num_4748.jpg,defective,blowhole
blowhole__exp2_num_4964.jpg,defective,blowhole
blowhole__exp2_num_51697.jpg,defective,blowhole
blowhole__exp2_num_54273.jpg,defective,blowhole
blowhole__exp2_num_7009.jpg,defective,blowhole
blowhole__exp2_num_9496.jpg,defective,blowhole
blowhole__exp3_num_108757.jpg,defective,blowhole
blowhole__exp3_num_262601.jpg,defective,blowhole
blowhole__exp3_num_265117.jpg,defective,blowhole
blowhole__exp3_num_291038.jpg,defective,blowhole
blowhole__exp3_num_297506.jpg,defective,blowhole
blowhole__exp3_num_308061.jpg,defective,blowhole
blowhole__exp3_num_317526.jpg,defective,blowhole
blowhole__exp3_num_322643.jpg,defective,blowhole
blowhole__exp3_num_328014.jpg,defective,blowhole
blowhole__exp3_num_346347.jpg,defective,blowhole
blowhole__exp3_num_36246.jpg,defective,blowhole
blowhole__exp3_num_3710.jpg,defective,blowhole
blowhole__exp3_num_40438.jpg,defective,blowhole
blowhole__exp3_num_4764.jpg,defective,blowhole
blowhole__exp3_num_4978.jpg,defective,blowhole
blowhole__exp3_num_51711.jpg,defective,blowhole
blowhole__exp3_num_54291.jpg,defective,blowhole
blowhole__exp3_num_7023.jpg,defective,blowhole
blowhole__exp3_num_853.jpg,defective,blowhole
blowhole__exp3_num_9508.jpg,defective,blowhole
blowhole__exp4_num_108774.jpg,defective,blowhole
blowhole__exp4_num_262626.jpg,defective,blowhole
blowhole__exp4_num_265131.jpg,defective,blowhole
blowhole__exp4_num_291052.jpg,defective,blowhole
blowhole__exp4_num_297524.jpg,defective,blowhole
blowhole__exp4_num_308078.jpg,defective,blowhole
blowhole__exp4_num_317540.jpg,defective,blowhole
blowhole__exp4_num_322656.jpg,defective,blowhole
blowhole__exp4_num_328029.jpg,defective,blowhole
blowhole__exp4_num_36258.jpg,defective,blowhole
blowhole__exp4_num_3724.jpg,defective,blowhole
blowhole__exp4_num_40450.jpg,defective,blowhole
blowhole__exp4_num_4779.jpg,defective,blowhole
blowhole__exp4_num_4995.jpg,defective,blowhole
blowhole__exp4_num_51725.jpg,defective,blowhole
blowhole__exp4_num_54308.jpg,defective,blowhole
blowhole__exp4_num_7036.jpg,defective,blowhole
blowhole__exp4_num_9520.jpg,defective,blowhole
blowhole__exp5_num_108791.jpg,defective,blowhole
blowhole__exp5_num_262654.jpg,defective,blowhole
blowhole__exp5_num_265149.jpg,defective,blowhole
blowhole__exp5_num_291077.jpg,defective,blowhole
blowhole__exp5_num_297552.jpg,defective,blowhole
blowhole__exp5_num_308098.jpg,defective,blowhole
blowhole__exp5_num_317558.jpg,defective,blowhole
blowhole__exp5_num_322672.jpg,defective,blowhole
blowhole__exp5_num_328057.jpg,defective,blowhole
blowhole__exp5_num_346381.jpg,defective,blowhole
blowhole__exp5_num_36269.jpg,defective,blowhole
blowhole__exp5_num_3746.jpg,defective,blowhole
blowhole__exp5_num_40480.jpg,defective,blowhole
blowhole__exp5_num_4801.jpg,defective,blowhole
blowhole__exp5_num_5022.jpg,defective,blowhole
blowhole__exp5_num_51739.jpg,defective,blowhole
blowhole__exp5_num_54331.jpg,defective,blowhole
blowhole__exp5_num_7054.jpg,defective,blowhole
blowhole__exp5_num_9549.jpg,defective,blowhole
blowhole__exp6_num_108812.jpg,defective,blowhole
blowhole__exp6_num_262705.jpg,defective,blowhole
blowhole__exp6_num_265182.jpg,defective,blowhole
blowhole__exp6_num_291134.jpg,defective,blowhole
blowhole__exp6_num_297601.jpg,defective,blowhole
blowhole__exp6_num_308130.jpg,defective,blowhole
blowhole__exp6_num_317592.jpg,defective,blowhole
blowhole__exp6_num_322697.jpg,defective,blowhole
blowhole__exp6_num_328105.jpg,defective,blowhole
blowhole__exp6_num_346414.jpg,defective,blowhole
blowhole__exp6_num_36280.jpg,defective,blowhole
blowhole__exp6_num_3789.jpg,defective,blowhole
blowhole__exp6_num_40515.jpg,defective,blowhole
blowhole__exp6_num_4841.jpg,defective,blowhole
blowhole__exp6_num_5106.jpg,defective,blowhole
blowhole__exp6_num_51771.jpg,defective,blowhole
blowhole__exp6_num_54366.jpg,defective,blowhole
blowhole__exp6_num_7102.jpg,defective,blowhole
blowhole__exp6_num_9594.jpg,defective,blowhole
break__exp1_num_116934.jpg,defective,break
break__exp1_num_194173.jpg,defective,break
break__exp1_num_241889.jpg,defective,break
break__exp1_num_26106.jpg,defective,break
break__exp1_num_271361.jpg,defective,break
break__exp1_num_284482.jpg,defective,break
break__exp1_num_304290.jpg,defective,break
break__exp1_num_320649.jpg,defective,break
break__exp1_num_348629.jpg,defective,break
break__exp1_num_356718.jpg,defective,break
break__exp1_num_62553.jpg,defective,break
break__exp1_num_98080.jpg,defective,break
break__exp2_num_105807.jpg,defective,break
break__exp2_num_116961.jpg,defective,break
break__exp2_num_194202.jpg,defective,break
break__exp2_num_241913.jpg,defective,break
break__exp2_num_26130.jpg,defective,break
break__exp2_num_271384.jpg,defective,break
break__exp2_num_276373.jpg,defective,break
break__exp2_num_284506.jpg,defective,break
break__exp2_num_304305.jpg,defective,break
break__exp2_num_320673.jpg,defective,break
break__exp2_num_348648.jpg,defective,break
break__exp2_num_356745.jpg,defective,break
break__exp2_num_62577.jpg,defective,break
break__exp2_num_98102.jpg,defective,break
break__exp3_num_105826.jpg,defective,break
break__exp3_num_116981.jpg,defective,break
break__exp3_num_148977.jpg,defective,break
break__exp3_num_194220.jpg,defective,break
break__exp3_num_241926.jpg,defective,break
break__exp3_num_26146.jpg,defective,break
break__exp3_num_271400.jpg,defective,break
break__exp3_num_276387.jpg,defective,break
break__exp3_num_284520.jpg,defective,break
break__exp3_num_304317.jpg,defective,break
break__exp3_num_320689.jpg,defective,break
break__exp3_num_348661.jpg,defective,break
break__exp3_num_356756.jpg,defective,break
break__exp3_num_62592.jpg,defective,break
break__exp3_num_77583.jpg,defective,break
break__exp3_num_98116.jpg,defective,break
break__exp4_num_105851.jpg,defective,break
break__exp4_num_116999.jpg,defective,break
break__exp4_num_194236.jpg,defective,break
break__exp4_num_241939.jpg,defective,break
break__exp4_num_26163.jpg,defective,break
break__exp4_num_271416.jpg,defective,break
break__exp4_num_276401.jpg,defective,break
break__exp4_num_284532.jpg,defective,break
break__exp4_num_304328.jpg,defective,break
break__exp4_num_320705.jpg,defective,break
break__exp4_num_348673.jpg,defective,break
break__exp4_num_356767.jpg,defective,break
break__exp4_num_62606.jpg,defective,break
break__exp4_num_98305.jpg,defective,break
break__exp5_num_105879.jpg,defective,break
break__exp5_num_149023.jpg,defective,break
break__exp5_num_194256.jpg,defective,break
break__exp5_num_242089.jpg,defective,break
break__exp5_num_26212.jpg,defective,break
break__exp5_num_271434.jpg,defective,break
break__exp5_num_276416.jpg,defective,break
break__exp5_num_284552.jpg,defective,break
break__exp5_num_304345.jpg,defective,break
break__exp5_num_320724.jpg,defective,break
break__exp5_num_348696.jpg,defective,break
break__exp5_num_356780.jpg,defective,break
break__exp5_num_62619.jpg,defective,break
break__exp5_num_98336.jpg,defective,break
break__exp6_num_105927.jpg,defective,break
break__exp6_num_117060.jpg,defective,break
break__exp6_num_149097.jpg,defective,break
break__exp6_num_194304.jpg,defective,break
break__exp6_num_242123.jpg,defective,break
break__exp6_num_26244.jpg,defective,break
break__exp6_num_271512.jpg,defective,break
break__exp6_num_276451.jpg,defective,break
break__exp6_num_284593.jpg,defective,break
break__exp6_num_304361.jpg,defective,break
break__exp6_num_320759.jpg,defective,break
break__exp6_num_348888.jpg,defective,break
break__exp6_num_356817.jpg,defective,break
break__exp6_num_62649.jpg,defective,break
break__exp6_num_98402.jpg,defective,break
crack__exp1_num_249594.jpg,defective,crack
crack__exp1_num_265613.jpg,defective,crack
crack__exp1_num_276355.jpg,defective,crack
crack__exp1_num_3191.jpg,defective,crack
crack__exp1_num_32128.jpg,defective,crack
crack__exp1_num_339819.jpg,defective,crack
crack__exp1_num_342140.jpg,defective,crack
crack__exp1_num_85781.jpg,defective,crack
crack__exp1_num_86828.jpg,defective,crack
crack__exp2_num_116527.jpg,defective,crack
crack__exp2_num_249619.jpg,defective,crack
crack__exp2_num_265639.jpg,defective,crack
crack__exp2_num_3211.jpg,defective,crack
crack__exp2_num_32153.jpg,defective,crack
crack__exp2_num_339841.jpg,defective,crack
crack__exp2_num_342162.jpg,defective,crack
crack__exp2_num_85846.jpg,defective,crack
crack__exp2_num_86854.jpg,defective,crack
crack__exp3_num_116541.jpg,defective,crack
crack__exp3_num_249637.jpg,defective,crack
crack__exp3_num_265659.jpg,defective,crack
crack__exp3_num_32171.jpg,defective,crack
crack__exp3_num_3223.jpg,defective,crack
crack__exp3_num_339854.jpg,defective,crack
crack__exp3_num_342176.jpg,defective,crack
crack__exp3_num_85897.jpg,defective,crack
crack__exp3_num_86892.jpg,defective,crack
crack__exp4_num_116553.jpg,defective,crack
crack__exp4_num_249762.jpg,defective,crack
crack__exp4_num_265677.jpg,defective,crack
crack__exp4_num_32185.jpg,defective,crack
crack__exp4_num_3234.jpg,defective,crack
crack__exp4_num_339867.jpg,defective,crack
crack__exp4_num_342190.jpg,defective,crack
crack__exp4_num_85602.jpg,defective,crack
crack__exp4_num_85998.jpg,defective,crack
crack__exp4_num_88149.jpg,defective,crack
crack__exp5_num_116575.jpg,defective,crack
crack__exp5_num_249786.jpg,defective,crack
crack__exp5_num_265695.jpg,defective,crack
crack__exp5_num_32201.jpg,defective,crack
crack__exp5_num_3247.jpg,defective,crack
crack__exp5_num_339932.jpg,defective,crack
crack__exp5_num_342212.jpg,defective,crack
crack__exp5_num_85642.jpg,defective,crack
crack__exp5_num_86031.jpg,defective,crack
crack__exp5_num_88170.jpg,defective,crack
crack__exp6_num_116623.jpg,defective,crack
crack__exp6_num_249821.jpg,defective,crack
crack__exp6_num_265737.jpg,defective,crack
crack__exp6_num_32235.jpg,defective,crack
crack__exp6_num_3279.jpg,defective,crack
crack__exp6_num_339965.jpg,defective,crack
crack__exp6_num_342249.jpg,defective,crack
crack__exp6_num_85665.jpg,defective,crack
crack__exp6_num_86064.jpg,defective,crack
crack__exp6_num_88201.jpg,defective,crack
fray__exp0_num_797.jpg,defective,fray
fray__exp1_num_135544.jpg,defective,fray
fray__exp1_num_136254.jpg,defective,fray
fray__exp1_num_20362.jpg,defective,fray
fray__exp1_num_258511.jpg,defective,fray
fray__exp1_num_331149.jpg,defective,fray
fray__exp1_num_77531.jpg,defective,fray
fray__exp2_num_135572.jpg,defective,fray
fray__exp2_num_136286.jpg,defective,fray
fray__exp2_num_20390.jpg,defective,fray
fray__exp2_num_258536.jpg,defective,fray
fray__exp2_num_77559.jpg,defective,fray
fray__exp3_num_135593.jpg,defective,fray
fray__exp3_num_136351.jpg,defective,fray
fray__exp3_num_20409.jpg,defective,fray
fray__exp3_num_258558.jpg,defective,fray
fray__exp4_num_135615.jpg,defective,fray
fray__exp4_num_136676.jpg,defective,fray
fray__exp4_num_20426.jpg,defective,fray
fray__exp4_num_258590.jpg,defective,fray
fray__exp4_num_77613.jpg,defective,fray
fray__exp5_num_135651.jpg,defective,fray
fray__exp5_num_136716.jpg,defective,fray
fray__exp5_num_20449.jpg,defective,fray
fray__exp5_num_258619.jpg,defective,fray
fray__exp5_num_77692.jpg,defective,fray
fray__exp6_num_135686.jpg,defective,fray
fray__exp6_num_136770.jpg,defective,fray
fray__exp6_num_20496.jpg,defective,fray
fray__exp6_num_258703.jpg,defective,fray
fray__exp6_num_77744.jpg,defective,fray
fray__exp6_num_972.jpg,defective,fray
free__exp0_num_743.jpg,normal,free
free__exp1_num_10181.jpg,normal,free
free__exp1_num_10334.jpg,normal,free
free__exp1_num_106151.jpg,normal,free
free__exp1_num_106729.jpg,normal,free
free__exp1_num_10903.jpg,normal,free
free__exp1_num_110086.jpg,normal,free
free__exp1_num_11276.jpg,normal,free
free__exp1_num_114376.jpg,normal,free
free__exp1_num_116270.jpg,normal,free
free__exp1_num_116949.jpg,normal,free
free__exp1_num_118871.jpg,normal,free
free__exp1_num_126299.jpg,normal,free
free__exp1_num_126795.jpg,normal,free
free__exp1_num_127649.jpg,normal,free
free__exp1_num_128075.jpg,normal,free
free__exp1_num_129580.jpg,normal,free
free__exp1_num_13526.jpg,normal,free
free__exp1_num_138599.jpg,normal,free
free__exp1_num_143147.jpg,normal,free
free__exp1_num_144162.jpg,normal,free
free__exp1_num_147928.jpg,normal,free
free__exp1_num_148923.jpg,normal,free
free__exp1_num_154549.jpg,normal,free
free__exp1_num_157166.jpg,normal,free
free__exp1_num_157675.jpg,normal,free
free__exp1_num_16503.jpg,normal,free
free__exp1_num_165362.jpg,normal,free
free__exp1_num_166172.jpg,normal,free
free__exp1_num_174647.jpg,normal,free
free__exp1_num_177906.jpg,normal,free
free__exp1_num_178453.jpg,normal,free
free__exp1_num_180298.jpg,normal,free
free__exp1_num_180836.jpg,normal,free
free__exp1_num_1810.jpg,normal,free
free__exp1_num_18129.jpg,normal,free
free__exp1_num_183137.jpg,normal,free
free__exp1_num_183798.jpg,normal,free
free__exp1_num_187505.jpg,normal,free
free__exp1_num_192126.jpg,normal,free
free__exp1_num_193104.jpg,normal,free
free__exp1_num_195647.jpg,normal,free
free__exp1_num_19695.jpg,normal,free
free__exp1_num_2038.jpg,normal,free
free__exp1_num_240048.jpg,normal,free
free__exp1_num_241352.jpg,normal,free
free__exp1_num_245763.jpg,normal,free
free__exp1_num_246296.jpg,normal,free
free__exp1_num_251427.jpg,normal,free
free__exp1_num_255641.jpg,normal,free
free__exp1_num_256261.jpg,normal,free
free__exp1_num_257103.jpg,normal,free
free__exp1_num_257630.jpg,normal,free
free__exp1_num_258819.jpg,normal,free
free__exp1_num_260482.jpg,normal,free
free__exp1_num_260927.jpg,normal,free
free__exp1_num_2610.jpg,normal,free
free__exp1_num_261937.jpg,normal,free
free__exp1_num_262216.jpg,normal,free
free__exp1_num_262642.jpg,normal,free
free__exp1_num_263839.jpg,normal,free
free__exp1_num_264189.jpg,normal,free
free__exp1_num_266278.jpg,normal,free
free__exp1_num_266790.jpg,normal,free
free__exp1_num_269086.jpg,normal,free
free__exp1_num_269626.jpg,normal,free
free__exp1_num_270550.jpg,normal,free
free__exp1_num_270753.jpg,normal,free
free__exp1_num_275371.jpg,normal,free
free__exp1_num_275662.jpg,normal,free
free__exp1_num_276985.jpg,normal,free
free__exp1_num_278570.jpg,normal,free
free__exp1_num_279090.jpg,normal,free
free__exp1_num_280205.jpg,normal,free
free__exp1_num_280939.jpg,normal,free
free__exp1_num_282886.jpg,normal,free
free__exp1_num_283203.jpg,normal,free
free__exp1_num_284841.jpg,normal,free
free__exp1_num_286232.jpg,normal,free
free__exp1_num_289590.jpg,normal,free
free__exp1_num_290047.jpg,normal,free
free__exp1_num_292087.jpg,normal,free
free__exp1_num_293254.jpg,normal,free
free__exp1_num_293709.jpg,normal,free
free__exp1_num_29469.jpg,normal,free
free__exp1_num_296631.jpg,normal,free
free__exp1_num_297276.jpg,normal,free
free__exp1_num_299713.jpg,normal,free
free__exp1_num_301474.jpg,normal,free
free__exp1_num_304293.jpg,normal,free
free__exp1_num_304672.jpg,normal,free
free__exp1_num_304836.jpg,normal,free
free__exp1_num_306425.jpg,normal,free
free__exp1_num_306586.jpg,normal,free
free__exp1_num_308806.jpg,normal,free
free__exp1_num_309352.jpg,normal,free
free__exp1_num_309648.jpg,normal,free
free__exp1_num_31106.jpg,normal,free
free__exp1_num_311322.jpg,normal,free
free__exp1_num_313835.jpg,normal,free
free__exp1_num_314979.jpg,normal,free
free__exp1_num_316333.jpg,normal,free
free__exp1_num_316698.jpg,normal,free
free__exp1_num_317560.jpg,normal,free
free__exp1_num_317885.jpg,normal,free
free__exp1_num_319321.jpg,normal,free
free__exp1_num_319420.jpg,normal,free
free__exp1_num_319680.jpg,normal,free
free__exp1_num_320441.jpg,normal,free
free__exp1_num_320808.jpg,normal,free
free__exp1_num_320895.jpg,normal,free
free__exp1_num_323319.jpg,normal,free
free__exp1_num_326586.jpg,normal,free
free__exp1_num_326904.jpg,normal,free
free__exp1_num_329206.jpg,normal,free
free__exp1_num_331931.jpg,normal,free
free__exp1_num_332686.jpg,normal,free
free__exp1_num_337646.jpg,normal,free
free__exp1_num_338856.jpg,normal,free
free__exp1_num_34078.jpg,normal,free
free__exp1_num_342849.jpg,normal,free
free__exp1_num_344557.jpg,normal,free
free__exp1_num_349824.jpg,normal,free
free__exp1_num_3504.jpg,normal,free
free__exp1_num_351039.jpg,normal,free
free__exp1_num_351427.jpg,normal,free
free__exp1_num_354377.jpg,normal,free
free__exp1_num_355636.jpg,normal,free
free__exp1_num_358102.jpg,normal,free
free__exp1_num_358933.jpg,normal,free
free__exp1_num_359448.jpg,normal,free
free__exp1_num_37243.jpg,normal,free
free__exp1_num_37262.jpg,normal,free
free__exp1_num_3786.jpg,normal,free
free__exp1_num_37978.jpg,normal,free
free__exp1_num_39412.jpg,normal,free
free__exp1_num_43817.jpg,normal,free
free__exp1_num_50387.jpg,normal,free
free__exp1_num_51080.jpg,normal,free
free__exp1_num_52659.jpg,normal,free
free__exp1_num_53011.jpg,normal,free
free__exp1_num_54107.jpg,normal,free
free__exp1_num_54901.jpg,normal,free
free__exp1_num_5907.jpg,normal,free
free__exp1_num_61310.jpg,normal,free
free__exp1_num_65001.jpg,normal,free
free__exp1_num_6508.jpg,normal,free
free__exp1_num_6539.jpg,normal,free
free__exp1_num_68359.jpg,normal,free
free__exp1_num_69803.jpg,normal,free
free__exp1_num_70491.jpg,normal,free
free__exp1_num_71177.jpg,normal,free
free__exp1_num_75090.jpg,normal,free
free__exp1_num_7871.jpg,normal,free
free__exp1_num_824.jpg,normal,free
free__exp1_num_855.jpg,normal,free
free__exp1_num_90966.jpg,normal,free
free__exp1_num_94899.jpg,normal,free
free__exp2_num_10202.jpg,normal,free
free__exp2_num_10410.jpg,normal,free
free__exp2_num_106169.jpg,normal,free
free__exp2_num_106752.jpg,normal,free
free__exp2_num_10931.jpg,normal,free
free__exp2_num_110118.jpg,normal,free
free__exp2_num_11292.jpg,normal,free
free__exp2_num_114403.jpg,normal,free
free__exp2_num_116286.jpg,normal,free
free__exp2_num_116971.jpg,normal,free
free__exp2_num_118897.jpg,normal,free
free__exp2_num_126325.jpg,normal,free
free__exp2_num_126814.jpg,normal,free
free__exp2_num_127664.jpg,normal,free
free__exp2_num_128095.jpg,normal,free
free__exp2_num_129608.jpg,normal,free
free__exp2_num_13549.jpg,normal,free
free__exp2_num_138627.jpg,normal,free
free__exp2_num_143192.jpg,normal,free
free__exp2_num_144192.jpg,normal,free
free__exp2_num_147954.jpg,normal,free
free__exp2_num_148952.jpg,normal,free
free__exp2_num_154576.jpg,normal,free
free__exp2_num_157196.jpg,normal,free
free__exp2_num_157736.jpg,normal,free
free__exp2_num_16532.jpg,normal,free
free__exp2_num_165392.jpg,normal,free
free__exp2_num_166200.jpg,normal,free
free__exp2_num_174675.jpg,normal,free
free__exp2_num_177935.jpg,normal,free
free__exp2_num_178482.jpg,normal,free
free__exp2_num_180326.jpg,normal,free
free__exp2_num_180865.jpg,normal,free
free__exp2_num_18159.jpg,normal,free
free__exp2_num_183171.jpg,normal,free
free__exp2_num_1836.jpg,normal,free
free__exp2_num_183825.jpg,normal,free
free__exp2_num_187533.jpg,normal,free
free__exp2_num_192155.jpg,normal,free
free__exp2_num_193126.jpg,normal,free
free__exp2_num_195672.jpg,normal,free
free__exp2_num_19728.jpg,normal,free
free__exp2_num_2060.jpg,normal,free
free__exp2_num_240063.jpg,normal,free
free__exp2_num_241368.jpg,normal,free
free__exp2_num_245780.jpg,normal,free
free__exp2_num_246323.jpg,normal,free
free__exp2_num_251454.jpg,normal,free
free__exp2_num_255674.jpg,normal,free
free__exp2_num_256286.jpg,normal,free
free__exp2_num_257132.jpg,normal,free
free__exp2_num_257656.jpg,normal,free
free__exp2_num_258847.jpg,normal,free
free__exp2_num_260505.jpg,normal,free
free__exp2_num_260949.jpg,normal,free
free__exp2_num_261961.jpg,normal,free
free__exp2_num_262233.jpg,normal,free
free__exp2_num_262661.jpg,normal,free
free__exp2_num_2627.jpg,normal,free
free__exp2_num_263852.jpg,normal,free
free__exp2_num_264206.jpg,normal,free
free__exp2_num_266301.jpg,normal,free
free__exp2_num_266815.jpg,normal,free
free__exp2_num_269104.jpg,normal,free
free__exp2_num_269652.jpg,normal,free
free__exp2_num_270577.jpg,normal,free
free__exp2_num_270781.jpg,normal,free
free__exp2_num_275393.jpg,normal,free
free__exp2_num_275685.jpg,normal,free
free__exp2_num_277012.jpg,normal,free
free__exp2_num_278584.jpg,normal,free
free__exp2_num_279109.jpg,normal,free
free__exp2_num_280233.jpg,normal,free
free__exp2_num_280962.jpg,normal,free
free__exp2_num_282899.jpg,normal,free
free__exp2_num_283218.jpg,normal,free
free__exp2_num_284861.jpg,normal,free
free__exp2_num_286251.jpg,normal,free
free__exp2_num_289612.jpg,normal,free
free__exp2_num_290068.jpg,normal,free
free__exp2_num_292109.jpg,normal,free
free__exp2_num_293276.jpg,normal,free
free__exp2_num_293729.jpg,normal,free
free__exp2_num_29493.jpg,normal,free
free__exp2_num_296655.jpg,normal,free
free__exp2_num_297298.jpg,normal,free
free__exp2_num_299741.jpg,normal,free
free__exp2_num_301499.jpg,normal,free
free__exp2_num_304307.jpg,normal,free
free__exp2_num_304688.jpg,normal,free
free__exp2_num_304861.jpg,normal,free
free__exp2_num_306443.jpg,normal,free
free__exp2_num_306609.jpg,normal,free
free__exp2_num_308824.jpg,normal,free
free__exp2_num_309366.jpg,normal,free
free__exp2_num_309668.jpg,normal,free
free__exp2_num_31124.jpg,normal,free
free__exp2_num_311334.jpg,normal,free
free__exp2_num_313853.jpg,normal,free
free__exp2_num_315006.jpg,normal,free
free__exp2_num_316344.jpg,normal,free
free__exp2_num_316715.jpg,normal,free
free__exp2_num_317576.jpg,normal,free
free__exp2_num_317911.jpg,normal,free
free__exp2_num_319334.jpg,normal,free
free__exp2_num_319440.jpg,normal,free
free__exp2_num_319698.jpg,normal,free
free__exp2_num_320463.jpg,normal,free
free__exp2_num_320822.jpg,normal,free
free__exp2_num_321452.jpg,normal,free
free__exp2_num_323339.jpg,normal,free
free__exp2_num_326603.jpg,normal,free
free__exp2_num_326923.jpg,normal,free
free__exp2_num_329231.jpg,normal,free
free__exp2_num_331174.jpg,normal,free
free__exp2_num_331946.jpg,normal,free
free__exp2_num_332707.jpg,normal,free
free__exp2_num_337671.jpg,normal,free
free__exp2_num_338872.jpg,normal,free
free__exp2_num_34101.jpg,normal,free
free__exp2_num_342873.jpg,normal,free
free__exp2_num_344570.jpg,normal,free
free__exp2_num_346332.jpg,normal,free
free__exp2_num_349844.jpg,normal,free
free__exp2_num_351066.jpg,normal,free
free__exp2_num_351450.jpg,normal,free
free__exp2_num_3524.jpg,normal,free
free__exp2_num_354402.jpg,normal,free
free__exp2_num_355658.jpg,normal,free
free__exp2_num_358116.jpg,normal,free
free__exp2_num_358960.jpg,normal,free
free__exp2_num_359476.jpg,normal,free
free__exp2_num_37263.jpg,normal,free
free__exp2_num_37273.jpg,normal,free
free__exp2_num_38004.jpg,normal,free
free__exp2_num_3811.jpg,normal,free
free__exp2_num_39430.jpg,normal,free
free__exp2_num_43841.jpg,normal,free
free__exp2_num_50402.jpg,normal,free
free__exp2_num_51097.jpg,normal,free
free__exp2_num_52677.jpg,normal,free
free__exp2_num_53025.jpg,normal,free
free__exp2_num_54126.jpg,normal,free
free__exp2_num_54925.jpg,normal,free
free__exp2_num_5924.jpg,normal,free
free__exp2_num_61324.jpg,normal,free
free__exp2_num_65017.jpg,normal,free
free__exp2_num_6528.jpg,normal,free
free__exp2_num_6558.jpg,normal,free
free__exp2_num_68382.jpg,normal,free
free__exp2_num_69830.jpg,normal,free
free__exp2_num_70514.jpg,normal,free
free__exp2_num_71201.jpg,normal,free
free__exp2_num_75106.jpg,normal,free
free__exp2_num_7886.jpg,normal,free
free__exp2_num_834.jpg,normal,free
free__exp2_num_887.jpg,normal,free
free__exp2_num_90988.jpg,normal,free
free__exp2_num_94922.jpg,normal,free
free__exp3_num_10215.jpg,normal,free
free__exp3_num_10448.jpg,normal,free
free__exp3_num_106186.jpg,normal,free
free__exp3_num_106779.jpg,normal,free
free__exp3_num_10945.jpg,normal,free
free__exp3_num_110136.jpg,normal,free
free__exp3_num_11304.jpg,normal,free
free__exp3_num_114419.jpg,normal,free
free__exp3_num_116299.jpg,normal,free
free__exp3_num_116991.jpg,normal,free
free__exp3_num_118911.jpg,normal,free
free__exp3_num_126339.jpg,normal,free
free__exp3_num_126827.jpg,normal,free
free__exp3_num_127677.jpg,normal,free
free__exp3_num_128108.jpg,normal,free
free__exp3_num_129632.jpg,normal,free
free__exp3_num_13568.jpg,normal,free
free__exp3_num_138649.jpg,normal,free
free__exp3_num_143234.jpg,normal,free
free__exp3_num_144210.jpg,normal,free
free__exp3_num_147971.jpg,normal,free
free__exp3_num_154595.jpg,normal,free
free__exp3_num_157220.jpg,normal,free
free__exp3_num_157763.jpg,normal,free
free__exp3_num_165409.jpg,normal,free
free__exp3_num_16556.jpg,normal,free
free__exp3_num_166221.jpg,normal,free
free__exp3_num_174699.jpg,normal,free
free__exp3_num_177963.jpg,normal,free
free__exp3_num_178510.jpg,normal,free
free__exp3_num_180350.jpg,normal,free
free__exp3_num_180885.jpg,normal,free
free__exp3_num_18185.jpg,normal,free
free__exp3_num_183198.jpg,normal,free
free__exp3_num_183846.jpg,normal,free
free__exp3_num_1855.jpg,normal,free
free__exp3_num_187556.jpg,normal,free
free__exp3_num_192174.jpg,normal,free
free__exp3_num_193139.jpg,normal,free
free__exp3_num_195685.jpg,normal,free
free__exp3_num_19753.jpg,normal,free
free__exp3_num_2074.jpg,normal,free
free__exp3_num_240077.jpg,normal,free
free__exp3_num_241380.jpg,normal,free
free__exp3_num_245792.jpg,normal,free
free__exp3_num_246338.jpg,normal,free
free__exp3_num_251473.jpg,normal,free
free__exp3_num_255696.jpg,normal,free
free__exp3_num_256305.jpg,normal,free
free__exp3_num_257158.jpg,normal,free
free__exp3_num_257678.jpg,normal,free
free__exp3_num_258867.jpg,normal,free
free__exp3_num_260521.jpg,normal,free
free__exp3_num_260963.jpg,normal,free
free__exp3_num_261977.jpg,normal,free
free__exp3_num_262246.jpg,normal,free
free__exp3_num_262674.jpg,normal,free
free__exp3_num_263864.jpg,normal,free
free__exp3_num_2642.jpg,normal,free
free__exp3_num_264225.jpg,normal,free
free__exp3_num_266316.jpg,normal,free
free__exp3_num_266831.jpg,normal,free
free__exp3_num_269121.jpg,normal,free
free__exp3_num_269668.jpg,normal,free
free__exp3_num_270593.jpg,normal,free
free__exp3_num_270803.jpg,normal,free
free__exp3_num_275407.jpg,normal,free
free__exp3_num_275697.jpg,normal,free
free__exp3_num_277027.jpg,normal,free
free__exp3_num_278595.jpg,normal,free
free__exp3_num_279122.jpg,normal,free
free__exp3_num_280246.jpg,normal,free
free__exp3_num_280977.jpg,normal,free
free__exp3_num_282911.jpg,normal,free
free__exp3_num_283229.jpg,normal,free
free__exp3_num_284875.jpg,normal,free
free__exp3_num_286265.jpg,normal,free
free__exp3_num_289625.jpg,normal,free
free__exp3_num_290081.jpg,normal,free
free__exp3_num_292124.jpg,normal,free
free__exp3_num_293289.jpg,normal,free
free__exp3_num_293742.jpg,normal,free
free__exp3_num_29508.jpg,normal,free
free__exp3_num_296668.jpg,normal,free
free__exp3_num_297311.jpg,normal,free
free__exp3_num_299758.jpg,normal,free
free__exp3_num_301511.jpg,normal,free
free__exp3_num_304319.jpg,normal,free
free__exp3_num_304701.jpg,normal,free
free__exp3_num_304882.jpg,normal,free
free__exp3_num_306457.jpg,normal,free
free__exp3_num_306622.jpg,normal,free
free__exp3_num_308837.jpg,normal,free
free__exp3_num_309379.jpg,normal,free
free__exp3_num_309681.jpg,normal,free
free__exp3_num_311344.jpg,normal,free
free__exp3_num_31138.jpg,normal,free
free__exp3_num_313866.jpg,normal,free
free__exp3_num_315020.jpg,normal,free
free__exp3_num_316354.jpg,normal,free
free__exp3_num_316726.jpg,normal,free
free__exp3_num_317588.jpg,normal,free
free__exp3_num_317925.jpg,normal,free
free__exp3_num_319346.jpg,normal,free
free__exp3_num_319456.jpg,normal,free
free__exp3_num_319713.jpg,normal,free
free__exp3_num_320486.jpg,normal,free
free__exp3_num_320833.jpg,normal,free
free__exp3_num_321466.jpg,normal,free
free__exp3_num_323352.jpg,normal,free
free__exp3_num_326615.jpg,normal,free
free__exp3_num_326938.jpg,normal,free
free__exp3_num_329247.jpg,normal,free
free__exp3_num_331190.jpg,normal,free
free__exp3_num_331958.jpg,normal,free
free__exp3_num_332719.jpg,normal,free
free__exp3_num_337688.jpg,normal,free
free__exp3_num_338885.jpg,normal,free
free__exp3_num_34117.jpg,normal,free
free__exp3_num_342889.jpg,normal,free
free__exp3_num_344580.jpg,normal,free
free__exp3_num_349856.jpg,normal,free
free__exp3_num_351078.jpg,normal,free
free__exp3_num_351463.jpg,normal,free
free__exp3_num_3539.jpg,normal,free
free__exp3_num_354417.jpg,normal,free
free__exp3_num_355669.jpg,normal,free
free__exp3_num_358127.jpg,normal,free
free__exp3_num_358972.jpg,normal,free
free__exp3_num_359489.jpg,normal,free
free__exp3_num_37056.jpg,normal,free
free__exp3_num_37278.jpg,normal,free
free__exp3_num_37556.jpg,normal,free
free__exp3_num_38023.jpg,normal,free
free__exp3_num_3828.jpg,normal,free
free__exp3_num_39447.jpg,normal,free
free__exp3_num_43853.jpg,normal,free
free__exp3_num_50415.jpg,normal,free
free__exp3_num_51112.jpg,normal,free
free__exp3_num_52702.jpg,normal,free
free__exp3_num_53038.jpg,normal,free
free__exp3_num_54145.jpg,normal,free
free__exp3_num_54942.jpg,normal,free
free__exp3_num_5941.jpg,normal,free
free__exp3_num_61338.jpg,normal,free
free__exp3_num_65031.jpg,normal,free
free__exp3_num_6541.jpg,normal,free
free__exp3_num_6571.jpg,normal,free
free__exp3_num_68398.jpg,normal,free
free__exp3_num_69845.jpg,normal,free
free__exp3_num_70527.jpg,normal,free
free__exp3_num_71224.jpg,normal,free
free__exp3_num_75119.jpg,normal,free
free__exp3_num_7899.jpg,normal,free
free__exp3_num_91008.jpg,normal,free
free__exp3_num_913.jpg,normal,free
free__exp3_num_94938.jpg,normal,free
free__exp4_num_10227.jpg,normal,free
free__exp4_num_106203.jpg,normal,free
free__exp4_num_10642.jpg,normal,free
free__exp4_num_106801.jpg,normal,free
free__exp4_num_10957.jpg,normal,free
free__exp4_num_110151.jpg,normal,free
free__exp4_num_11314.jpg,normal,free
free__exp4_num_114433.jpg,normal,free
free__exp4_num_116311.jpg,normal,free
free__exp4_num_117012.jpg,normal,free
free__exp4_num_118925.jpg,normal,free
free__exp4_num_126353.jpg,normal,free
free__exp4_num_126840.jpg,normal,free
free__exp4_num_127690.jpg,normal,free
free__exp4_num_128120.jpg,normal,free
free__exp4_num_129654.jpg,normal,free
free__exp4_num_13589.jpg,normal,free
free__exp4_num_138670.jpg,normal,free
free__exp4_num_143255.jpg,normal,free
free__exp4_num_144227.jpg,normal,free
free__exp4_num_147986.jpg,normal,free
free__exp4_num_148998.jpg,normal,free
free__exp4_num_154613.jpg,normal,free
free__exp4_num_157245.jpg,normal,free
free__exp4_num_157789.jpg,normal,free
free__exp4_num_165425.jpg,normal,free
free__exp4_num_16575.jpg,normal,free
free__exp4_num_166238.jpg,normal,free
free__exp4_num_174720.jpg,normal,free
free__exp4_num_177987.jpg,normal,free
free__exp4_num_178536.jpg,normal,free
free__exp4_num_180371.jpg,normal,free
free__exp4_num_180903.jpg,normal,free
free__exp4_num_18204.jpg,normal,free
free__exp4_num_183223.jpg,normal,free
free__exp4_num_183867.jpg,normal,free
free__exp4_num_187582.jpg,normal,free
free__exp4_num_1877.jpg,normal,free
free__exp4_num_192192.jpg,normal,free
free__exp4_num_193151.jpg,normal,free
free__exp4_num_195700.jpg,normal,free
free__exp4_num_19770.jpg,normal,free
free__exp4_num_2086.jpg,normal,free
free__exp4_num_240090.jpg,normal,free
free__exp4_num_241391.jpg,normal,free
free__exp4_num_245804.jpg,normal,free
free__exp4_num_246354.jpg,normal,free
free__exp4_num_251495.jpg,normal,free
free__exp4_num_255718.jpg,normal,free
free__exp4_num_256324.jpg,normal,free
free__exp4_num_257190.jpg,normal,free
free__exp4_num_257938.jpg,normal,free
free__exp4_num_258885.jpg,normal,free
free__exp4_num_260535.jpg,normal,free
free__exp4_num_260976.jpg,normal,free
free__exp4_num_261992.jpg,normal,free
free__exp4_num_262258.jpg,normal,free
free__exp4_num_262687.jpg,normal,free
free__exp4_num_263875.jpg,normal,free
free__exp4_num_264241.jpg,normal,free
free__exp4_num_2657.jpg,normal,free
free__exp4_num_266329.jpg,normal,free
free__exp4_num_266844.jpg,normal,free
free__exp4_num_269136.jpg,normal,free
free__exp4_num_269682.jpg,normal,free
free__exp4_num_270607.jpg,normal,free
free__exp4_num_270824.jpg,normal,free
free__exp4_num_275420.jpg,normal,free
free__exp4_num_275709.jpg,normal,free
free__exp4_num_277041.jpg,normal,free
free__exp4_num_278605.jpg,normal,free
free__exp4_num_279133.jpg,normal,free
free__exp4_num_280258.jpg,normal,free
free__exp4_num_280989.jpg,normal,free
free__exp4_num_282921.jpg,normal,free
free__exp4_num_283240.jpg,normal,free
free__exp4_num_284889.jpg,normal,free
free__exp4_num_286277.jpg,normal,free
free__exp4_num_289638.jpg,normal,free
free__exp4_num_290093.jpg,normal,free
free__exp4_num_292138.jpg,normal,free
free__exp4_num_293302.jpg,normal,free
free__exp4_num_293757.jpg,normal,free
free__exp4_num_29521.jpg,normal,free
free__exp4_num_296682.jpg,normal,free
free__exp4_num_297324.jpg,normal,free
free__exp4_num_299772.jpg,normal,free
free__exp4_num_301523.jpg,normal,free
free__exp4_num_304330.jpg,normal,free
free__exp4_num_304714.jpg,normal,free
free__exp4_num_304904.jpg,normal,free
free__exp4_num_306469.jpg,normal,free
free__exp4_num_306634.jpg,normal,free
free__exp4_num_308849.jpg,normal,free
free__exp4_num_309390.jpg,normal,free
free__exp4_num_309692.jpg,normal,free
free__exp4_num_311355.jpg,normal,free
free__exp4_num_31150.jpg,normal,free
free__exp4_num_313877.jpg,normal,free
free__exp4_num_315033.jpg,normal,free
free__exp4_num_316364.jpg,normal,free
free__exp4_num_316737.jpg,normal,free
free__exp4_num_317600.jpg,normal,free
free__exp4_num_317937.jpg,normal,free
free__exp4_num_319357.jpg,normal,free
free__exp4_num_319469.jpg,normal,free
free__exp4_num_319729.jpg,normal,free
free__exp4_num_320501.jpg,normal,free
free__exp4_num_320843.jpg,normal,free
free__exp4_num_321478.jpg,normal,free
free__exp4_num_323366.jpg,normal,free
free__exp4_num_326627.jpg,normal,free
free__exp4_num_326953.jpg,normal,free
free__exp4_num_329260.jpg,normal,free
free__exp4_num_331207.jpg,normal,free
free__exp4_num_331970.jpg,normal,free
free__exp4_num_332730.jpg,normal,free
free__exp4_num_337703.jpg,normal,free
free__exp4_num_338897.jpg,normal,free
free__exp4_num_34134.jpg,normal,free
free__exp4_num_342904.jpg,normal,free
free__exp4_num_344591.jpg,normal,free
free__exp4_num_346361.jpg,normal,free
free__exp4_num_349868.jpg,normal,free
free__exp4_num_351088.jpg,normal,free
free__exp4_num_351474.jpg,normal,free
free__exp4_num_354427.jpg,normal,free
free__exp4_num_3554.jpg,normal,free
free__exp4_num_355680.jpg,normal,free
free__exp4_num_358138.jpg,normal,free
free__exp4_num_358985.jpg,normal,free
free__exp4_num_359501.jpg,normal,free
free__exp4_num_37071.jpg,normal,free
free__exp4_num_37293.jpg,normal,free
free__exp4_num_37571.jpg,normal,free
free__exp4_num_38041.jpg,normal,free
free__exp4_num_3846.jpg,normal,free
free__exp4_num_39469.jpg,normal,free
free__exp4_num_43865.jpg,normal,free
free__exp4_num_50428.jpg,normal,free
free__exp4_num_51125.jpg,normal,free
free__exp4_num_52715.jpg,normal,free
free__exp4_num_53049.jpg,normal,free
free__exp4_num_54165.jpg,normal,free
free__exp4_num_54958.jpg,normal,free
free__exp4_num_5959.jpg,normal,free
free__exp4_num_61351.jpg,normal,free
free__exp4_num_65043.jpg,normal,free
free__exp4_num_6552.jpg,normal,free
free__exp4_num_6586.jpg,normal,free
free__exp4_num_68413.jpg,normal,free
free__exp4_num_69864.jpg,normal,free
free__exp4_num_70541.jpg,normal,free
free__exp4_num_71245.jpg,normal,free
free__exp4_num_75132.jpg,normal,free
free__exp4_num_7911.jpg,normal,free
free__exp4_num_889.jpg,normal,free
free__exp4_num_91034.jpg,normal,free
free__exp4_num_933.jpg,normal,free
free__exp4_num_94954.jpg,normal,free
free__exp5_num_10250.jpg,normal,free
free__exp5_num_106221.jpg,normal,free
free__exp5_num_106824.jpg,normal,free
free__exp5_num_10714.jpg,normal,free
free__exp5_num_10969.jpg,normal,free
free__exp5_num_110188.jpg,normal,free
free__exp5_num_11325.jpg,normal,free
free__exp5_num_114453.jpg,normal,free
free__exp5_num_116324.jpg,normal,free
free__exp5_num_117030.jpg,normal,free
free__exp5_num_117033.jpg,normal,free
free__exp5_num_118948.jpg,normal,free
free__exp5_num_126370.jpg,normal,free
free__exp5_num_126855.jpg,normal,free
free__exp5_num_127703.jpg,normal,free
free__exp5_num_128134.jpg,normal,free
free__exp5_num_129678.jpg,normal,free
free__exp5_num_13636.jpg,normal,free
free__exp5_num_138694.jpg,normal,free
free__exp5_num_143282.jpg,normal,free
free__exp5_num_144247.jpg,normal,free
free__exp5_num_148007.jpg,normal,free
free__exp5_num_154637.jpg,normal,free
free__exp5_num_157271.jpg,normal,free
free__exp5_num_157829.jpg,normal,free
free__exp5_num_165457.jpg,normal,free
free__exp5_num_16596.jpg,normal,free
free__exp5_num_166258.jpg,normal,free
free__exp5_num_174768.jpg,normal,free
free__exp5_num_178016.jpg,normal,free
free__exp5_num_178566.jpg,normal,free
free__exp5_num_180393.jpg,normal,free
free__exp5_num_180926.jpg,normal,free
free__exp5_num_18227.jpg,normal,free
free__exp5_num_183254.jpg,normal,free
free__exp5_num_183890.jpg,normal,free
free__exp5_num_187612.jpg,normal,free
free__exp5_num_1903.jpg,normal,free
free__exp5_num_192233.jpg,normal,free
free__exp5_num_193164.jpg,normal,free
free__exp5_num_195717.jpg,normal,free
free__exp5_num_19790.jpg,normal,free
free__exp5_num_2089.jpg,normal,free
free__exp5_num_240124.jpg,normal,free
free__exp5_num_241403.jpg,normal,free
free__exp5_num_245817.jpg,normal,free
free__exp5_num_246375.jpg,normal,free
free__exp5_num_251519.jpg,normal,free
free__exp5_num_255775.jpg,normal,free
free__exp5_num_256354.jpg,normal,free
free__exp5_num_257273.jpg,normal,free
free__exp5_num_257962.jpg,normal,free
free__exp5_num_258905.jpg,normal,free
free__exp5_num_260550.jpg,normal,free
free__exp5_num_260989.jpg,normal,free
free__exp5_num_262018.jpg,normal,free
free__exp5_num_262271.jpg,normal,free
free__exp5_num_262702.jpg,normal,free
free__exp5_num_263887.jpg,normal,free
free__exp5_num_264257.jpg,normal,free
free__exp5_num_266347.jpg,normal,free
free__exp5_num_266861.jpg,normal,free
free__exp5_num_2673.jpg,normal,free
free__exp5_num_269152.jpg,normal,free
free__exp5_num_269697.jpg,normal,free
free__exp5_num_270623.jpg,normal,free
free__exp5_num_270847.jpg,normal,free
free__exp5_num_275434.jpg,normal,free
free__exp5_num_275722.jpg,normal,free
free__exp5_num_277059.jpg,normal,free
free__exp5_num_278628.jpg,normal,free
free__exp5_num_279145.jpg,normal,free
free__exp5_num_280271.jpg,normal,free
free__exp5_num_281007.jpg,normal,free
free__exp5_num_282932.jpg,normal,free
free__exp5_num_283254.jpg,normal,free
free__exp5_num_284910.jpg,normal,free
free__exp5_num_286294.jpg,normal,free
free__exp5_num_289653.jpg,normal,free
free__exp5_num_290107.jpg,normal,free
free__exp5_num_292160.jpg,normal,free
free__exp5_num_293317.jpg,normal,free
free__exp5_num_293876.jpg,normal,free
free__exp5_num_29537.jpg,normal,free
free__exp5_num_296701.jpg,normal,free
free__exp5_num_297341.jpg,normal,free
free__exp5_num_299793.jpg,normal,free
free__exp5_num_301547.jpg,normal,free
free__exp5_num_304340.jpg,normal,free
free__exp5_num_304772.jpg,normal,free
free__exp5_num_304927.jpg,normal,free
free__exp5_num_306480.jpg,normal,free
free__exp5_num_306654.jpg,normal,free
free__exp5_num_308863.jpg,normal,free
free__exp5_num_309407.jpg,normal,free
free__exp5_num_309704.jpg,normal,free
free__exp5_num_311371.jpg,normal,free
free__exp5_num_31166.jpg,normal,free
free__exp5_num_313892.jpg,normal,free
free__exp5_num_315045.jpg,normal,free
free__exp5_num_316375.jpg,normal,free
free__exp5_num_316749.jpg,normal,free
free__exp5_num_317612.jpg,normal,free
free__exp5_num_317949.jpg,normal,free
free__exp5_num_319370.jpg,normal,free
free__exp5_num_319483.jpg,normal,free
free__exp5_num_319758.jpg,normal,free
free__exp5_num_320520.jpg,normal,free
free__exp5_num_320853.jpg,normal,free
free__exp5_num_321489.jpg,normal,free
free__exp5_num_323381.jpg,normal,free
free__exp5_num_326642.jpg,normal,free
free__exp5_num_326973.jpg,normal,free
free__exp5_num_329283.jpg,normal,free
free__exp5_num_331230.jpg,normal,free
free__exp5_num_331983.jpg,normal,free
free__exp5_num_332745.jpg,normal,free
free__exp5_num_337720.jpg,normal,free
free__exp5_num_338911.jpg,normal,free
free__exp5_num_34157.jpg,normal,free
free__exp5_num_342943.jpg,normal,free
free__exp5_num_344604.jpg,normal,free
free__exp5_num_349891.jpg,normal,free
free__exp5_num_351099.jpg,normal,free
free__exp5_num_351488.jpg,normal,free
free__exp5_num_354439.jpg,normal,free
free__exp5_num_355692.jpg,normal,free
free__exp5_num_3572.jpg,normal,free
free__exp5_num_358149.jpg,normal,free
free__exp5_num_358999.jpg,normal,free
free__exp5_num_359512.jpg,normal,free
free__exp5_num_37084.jpg,normal,free
free__exp5_num_37319.jpg,normal,free
free__exp5_num_37636.jpg,normal,free
free__exp5_num_38064.jpg,normal,free
free__exp5_num_3899.jpg,normal,free
free__exp5_num_39497.jpg,normal,free
free__exp5_num_43878.jpg,normal,free
free__exp5_num_50443.jpg,normal,free
free__exp5_num_51139.jpg,normal,free
free__exp5_num_52740.jpg,normal,free
free__exp5_num_53060.jpg,normal,free
free__exp5_num_54191.jpg,normal,free
free__exp5_num_54978.jpg,normal,free
free__exp5_num_5874.jpg,normal,free
free__exp5_num_61380.jpg,normal,free
free__exp5_num_65054.jpg,normal,free
free__exp5_num_6566.jpg,normal,free
free__exp5_num_6605.jpg,normal,free
free__exp5_num_68428.jpg,normal,free
free__exp5_num_69885.jpg,normal,free
free__exp5_num_70558.jpg,normal,free
free__exp5_num_71267.jpg,normal,free
free__exp5_num_75157.jpg,normal,free
free__exp5_num_7935.jpg,normal,free
free__exp5_num_8676.jpg,normal,free
free__exp5_num_91072.jpg,normal,free
free__exp5_num_937.jpg,normal,free
free__exp5_num_94986.jpg,normal,free
free__exp5_num_964.jpg,normal,free
free__exp6_num_1012.jpg,normal,free
free__exp6_num_10280.jpg,normal,free
free__exp6_num_106244.jpg,normal,free
free__exp6_num_106873.jpg,normal,free
free__exp6_num_10790.jpg,normal,free
free__exp6_num_11001.jpg,normal,free
free__exp6_num_110224.jpg,normal,free
free__exp6_num_11357.jpg,normal,free
free__exp6_num_114490.jpg,normal,free
free__exp6_num_116352.jpg,normal,free
free__exp6_num_117068.jpg,normal,free
free__exp6_num_118981.jpg,normal,free
free__exp6_num_126419.jpg,normal,free
free__exp6_num_126888.jpg,normal,free
free__exp6_num_127730.jpg,normal,free
free__exp6_num_128176.jpg,normal,free
free__exp6_num_129718.jpg,normal,free
free__exp6_num_13689.jpg,normal,free
free__exp6_num_138723.jpg,normal,free
free__exp6_num_143316.jpg,normal,free
free__exp6_num_144276.jpg,normal,free
free__exp6_num_148035.jpg,normal,free
free__exp6_num_154721.jpg,normal,free
free__exp6_num_157298.jpg,normal,free
free__exp6_num_157877.jpg,normal,free
free__exp6_num_165523.jpg,normal,free
free__exp6_num_16624.jpg,normal,free
free__exp6_num_166278.jpg,normal,free
free__exp6_num_174804.jpg,normal,free
free__exp6_num_178058.jpg,normal,free
free__exp6_num_178602.jpg,normal,free
free__exp6_num_180428.jpg,normal,free
free__exp6_num_180965.jpg,normal,free
free__exp6_num_18258.jpg,normal,free
free__exp6_num_183290.jpg,normal,free
free__exp6_num_183930.jpg,normal,free
free__exp6_num_187701.jpg,normal,free
free__exp6_num_192263.jpg,normal,free
free__exp6_num_193234.jpg,normal,free
free__exp6_num_195761.jpg,normal,free
free__exp6_num_1965.jpg,normal,free
free__exp6_num_19822.jpg,normal,free
free__exp6_num_2121.jpg,normal,free
free__exp6_num_240188.jpg,normal,free
free__exp6_num_241417.jpg,normal,free
free__exp6_num_245834.jpg,normal,free
free__exp6_num_246442.jpg,normal,free
free__exp6_num_251550.jpg,normal,free
free__exp6_num_255822.jpg,normal,free
free__exp6_num_256392.jpg,normal,free
free__exp6_num_257334.jpg,normal,free
free__exp6_num_258043.jpg,normal,free
free__exp6_num_258935.jpg,normal,free
free__exp6_num_260572.jpg,normal,free
free__exp6_num_261003.jpg,normal,free
free__exp6_num_262067.jpg,normal,free
free__exp6_num_262294.jpg,normal,free
free__exp6_num_262733.jpg,normal,free
free__exp6_num_263900.jpg,normal,free
free__exp6_num_264283.jpg,normal,free
free__exp6_num_266375.jpg,normal,free
free__exp6_num_266888.jpg,normal,free
free__exp6_num_269180.jpg,normal,free
free__exp6_num_2697.jpg,normal,free
free__exp6_num_269733.jpg,normal,free
free__exp6_num_270665.jpg,normal,free
free__exp6_num_270880.jpg,normal,free
free__exp6_num_275466.jpg,normal,free
free__exp6_num_275757.jpg,normal,free
free__exp6_num_277095.jpg,normal,free
free__exp6_num_278659.jpg,normal,free
free__exp6_num_279178.jpg,normal,free
free__exp6_num_280303.jpg,normal,free
free__exp6_num_281048.jpg,normal,free
free__exp6_num_282965.jpg,normal,free
free__exp6_num_283465.jpg,normal,free
free__exp6_num_284942.jpg,normal,free
free__exp6_num_286336.jpg,normal,free
free__exp6_num_289705.jpg,normal,free
free__exp6_num_290165.jpg,normal,free
free__exp6_num_292199.jpg,normal,free
free__exp6_num_293354.jpg,normal,free
free__exp6_num_293912.jpg,normal,free
free__exp6_num_29564.jpg,normal,free
free__exp6_num_296754.jpg,normal,free
free__exp6_num_297388.jpg,normal,free
free__exp6_num_299824.jpg,normal,free
free__exp6_num_301599.jpg,normal,free
free__exp6_num_304352.jpg,normal,free
free__exp6_num_304811.jpg,normal,free
free__exp6_num_304958.jpg,normal,free
free__exp6_num_306496.jpg,normal,free
free__exp6_num_306696.jpg,normal,free
free__exp6_num_308897.jpg,normal,free
free__exp6_num_309443.jpg,normal,free
free__exp6_num_309719.jpg,normal,free
free__exp6_num_311392.jpg,normal,free
free__exp6_num_31184.jpg,normal,free
free__exp6_num_313921.jpg,normal,free
free__exp6_num_315056.jpg,normal,free
free__exp6_num_316396.jpg,normal,free
free__exp6_num_316778.jpg,normal,free
free__exp6_num_317640.jpg,normal,free
free__exp6_num_317978.jpg,normal,free
free__exp6_num_319398.jpg,normal,free
free__exp6_num_319512.jpg,normal,free
free__exp6_num_319796.jpg,normal,free
free__exp6_num_320546.jpg,normal,free
free__exp6_num_320864.jpg,normal,free
free__exp6_num_321501.jpg,normal,free
free__exp6_num_323405.jpg,normal,free
free__exp6_num_326679.jpg,normal,free
free__exp6_num_327003.jpg,normal,free
free__exp6_num_329323.jpg,normal,free
free__exp6_num_331267.jpg,normal,free
free__exp6_num_332013.jpg,normal,free
free__exp6_num_332792.jpg,normal,free
free__exp6_num_337757.jpg,normal,free
free__exp6_num_338952.jpg,normal,free
free__exp6_num_34208.jpg,normal,free
free__exp6_num_342992.jpg,normal,free
free__exp6_num_344641.jpg,normal,free
free__exp6_num_349930.jpg,normal,free
free__exp6_num_351127.jpg,normal,free
free__exp6_num_351520.jpg,normal,free
free__exp6_num_354474.jpg,normal,free
free__exp6_num_355732.jpg,normal,free
free__exp6_num_358179.jpg,normal,free
free__exp6_num_359029.jpg,normal,free
free__exp6_num_359542.jpg,normal,free
free__exp6_num_3620.jpg,normal,free
free__exp6_num_37098.jpg,normal,free
free__exp6_num_37354.jpg,normal,free
free__exp6_num_37675.jpg,normal,free
free__exp6_num_38098.jpg,normal,free
free__exp6_num_39559.jpg,normal,free
free__exp6_num_3981.jpg,normal,free
free__exp6_num_43955.jpg,normal,free
free__exp6_num_50468.jpg,normal,free
free__exp6_num_51154.jpg,normal,free
free__exp6_num_52784.jpg,normal,free
free__exp6_num_53080.jpg,normal,free
free__exp6_num_54271.jpg,normal,free
free__exp6_num_55020.jpg,normal,free
free__exp6_num_5892.jpg,normal,free
free__exp6_num_61501.jpg,normal,free
free__exp6_num_65067.jpg,normal,free
free__exp6_num_6600.jpg,normal,free
free__exp6_num_6634.jpg,normal,free
free__exp6_num_68465.jpg,normal,free
free__exp6_num_69923.jpg,normal,free
free__exp6_num_70585.jpg,normal,free
free__exp6_num_71297.jpg,normal,free
free__exp6_num_75343.jpg,normal,free
free__exp6_num_8015.jpg,normal,free
free__exp6_num_91131.jpg,normal,free
free__exp6_num_9196.jpg,normal,free
free__exp6_num_95059.jpg,normal,free
uneven__exp0_num_461.jpg,defective,uneven
uneven__exp1_num_109232.jpg,defective,uneven
uneven__exp1_num_124236.jpg,defective,uneven
uneven__exp1_num_129031.jpg,defective,uneven
uneven__exp1_num_139798.jpg,defective,uneven
uneven__exp1_num_155300.jpg,defective,uneven
uneven__exp1_num_172241.jpg,defective,uneven
uneven__exp1_num_186826.jpg,defective,uneven
uneven__exp1_num_24793.jpg,defective,uneven
uneven__exp1_num_270128.jpg,defective,uneven
uneven__exp1_num_274094.jpg,defective,uneven
uneven__exp1_num_28341.jpg,defective,uneven
uneven__exp1_num_311809.jpg,defective,uneven
uneven__exp1_num_313478.jpg,defective,uneven
uneven__exp1_num_33365.jpg,defective,uneven
uneven__exp1_num_352479.jpg,defective,uneven
uneven__exp1_num_45007.jpg,defective,uneven
uneven__exp1_num_524.jpg,defective,uneven
uneven__exp2_num_109256.jpg,defective,uneven
uneven__exp2_num_124592.jpg,defective,uneven
uneven__exp2_num_129056.jpg,defective,uneven
uneven__exp2_num_139820.jpg,defective,uneven
uneven__exp2_num_155333.jpg,defective,uneven
uneven__exp2_num_172267.jpg,defective,uneven
uneven__exp2_num_186858.jpg,defective,uneven
uneven__exp2_num_24815.jpg,defective,uneven
uneven__exp2_num_270153.jpg,defective,uneven
uneven__exp2_num_274120.jpg,defective,uneven
uneven__exp2_num_28359.jpg,defective,uneven
uneven__exp2_num_311834.jpg,defective,uneven
uneven__exp2_num_313494.jpg,defective,uneven
uneven__exp2_num_33380.jpg,defective,uneven
uneven__exp2_num_352504.jpg,defective,uneven
uneven__exp2_num_45028.jpg,defective,uneven
uneven__exp2_num_542.jpg,defective,uneven
uneven__exp3_num_109271.jpg,defective,uneven
uneven__exp3_num_124629.jpg,defective,uneven
uneven__exp3_num_129069.jpg,defective,uneven
uneven__exp3_num_139838.jpg,defective,uneven
uneven__exp3_num_155360.jpg,defective,uneven
uneven__exp3_num_172286.jpg,defective,uneven
uneven__exp3_num_186885.jpg,defective,uneven
uneven__exp3_num_24829.jpg,defective,uneven
uneven__exp3_num_270169.jpg,defective,uneven
uneven__exp3_num_274138.jpg,defective,uneven
uneven__exp3_num_28373.jpg,defective,uneven
uneven__exp3_num_311847.jpg,defective,uneven
uneven__exp3_num_313507.jpg,defective,uneven
uneven__exp3_num_33395.jpg,defective,uneven
uneven__exp3_num_352516.jpg,defective,uneven
uneven__exp3_num_45042.jpg,defective,uneven
uneven__exp3_num_557.jpg,defective,uneven
uneven__exp4_num_109286.jpg,defective,uneven
uneven__exp4_num_124690.jpg,defective,uneven
uneven__exp4_num_129083.jpg,defective,uneven
uneven__exp4_num_139856.jpg,defective,uneven
uneven__exp4_num_155384.jpg,defective,uneven
uneven__exp4_num_172304.jpg,defective,uneven
uneven__exp4_num_186909.jpg,defective,uneven
uneven__exp4_num_24843.jpg,defective,uneven
uneven__exp4_num_270184.jpg,defective,uneven
uneven__exp4_num_274154.jpg,defective,uneven
uneven__exp4_num_28388.jpg,defective,uneven
uneven__exp4_num_311863.jpg,defective,uneven
uneven__exp4_num_313519.jpg,defective,uneven
uneven__exp4_num_33407.jpg,defective,uneven
uneven__exp4_num_352527.jpg,defective,uneven
uneven__exp4_num_45057.jpg,defective,uneven
uneven__exp4_num_573.jpg,defective,uneven
uneven__exp5_num_109313.jpg,defective,uneven
uneven__exp5_num_124744.jpg,defective,uneven
uneven__exp5_num_129103.jpg,defective,uneven
uneven__exp5_num_139883.jpg,defective,uneven
uneven__exp5_num_155415.jpg,defective,uneven
uneven__exp5_num_172332.jpg,defective,uneven
uneven__exp5_num_186953.jpg,defective,uneven
uneven__exp5_num_24876.jpg,defective,uneven
uneven__exp5_num_270218.jpg,defective,uneven
uneven__exp5_num_274174.jpg,defective,uneven
uneven__exp5_num_28404.jpg,defective,uneven
uneven__exp5_num_311887.jpg,defective,uneven
uneven__exp5_num_313536.jpg,defective,uneven
uneven__exp5_num_33487.jpg,defective,uneven
uneven__exp5_num_352540.jpg,defective,uneven
uneven__exp5_num_45084.jpg,defective,uneven
uneven__exp5_num_592.jpg,defective,uneven
uneven__exp6_num_109350.jpg,defective,uneven
uneven__exp6_num_124787.jpg,defective,uneven
uneven__exp6_num_129148.jpg,defective,uneven
uneven__exp6_num_139916.jpg,defective,uneven
uneven__exp6_num_155478.jpg,defective,uneven
uneven__exp6_num_172365.jpg,defective,uneven
uneven__exp6_num_187011.jpg,defective,uneven
uneven__exp6_num_25007.jpg,defective,uneven
uneven__exp6_num_270255.jpg,defective,uneven
uneven__exp6_num_274218.jpg,defective,uneven
uneven__exp6_num_28424.jpg,defective,uneven
uneven__exp6_num_311924.jpg,defective,uneven
uneven__exp6_num_313568.jpg,defective,uneven
uneven__exp6_num_33541.jpg,defective,uneven
uneven__exp6_num_352572.jpg,defective,uneven
uneven__exp6_num_45116.jpg,defective,uneven
uneven__exp6_num_628.jpg,defective,uneven
